"","Log2 fold change","std error (log2)","Lower confidence limit (log2)","Upper confidence limit (log2)","Linear fold change","Lower confidence limit (linear)","Upper confidence limit (linear)","P-value","BH.p.value","method","Gene.sets","probe.ID"
"IL18RAP-mRNA",1.29,0.281,0.735,1.84,2.44,1.66,3.57,0.000184,0.0916,"lm.nb","NK Cell Functions, T-Cell Functions","NM_003853.2:2412"
"MEF2C-mRNA",-0.98,0.233,-1.44,-0.524,0.507,0.37,0.696,0.000429,0.0916,"lm.nb","","NM_002397.3:2445"
"OAS3-mRNA",-1.08,0.26,-1.59,-0.575,0.471,0.331,0.671,0.000469,0.0916,"lm.nb","Cytokines, Pathogen Defense","NM_006187.2:4980"
"IFI35-mRNA",-0.68,0.165,-1,-0.356,0.624,0.499,0.781,0.00053,0.0916,"lm.nb","Chemokines","NM_005533.3:415"
"IKBKE-mRNA",-0.766,0.19,-1.14,-0.393,0.588,0.454,0.762,0.000663,0.0916,"lm.nb","","NM_014002.2:2470"
"S100A12-mRNA",1.76,0.476,0.822,2.69,3.38,1.77,6.45,0.00147,0.126,"lm.nb","","NM_005621.1:260"
"MAP2K4-mRNA",0.368,0.101,0.17,0.567,1.29,1.13,1.48,0.00162,0.126,"loglinear","","NM_003010.2:2830"
"MYD88-mRNA",-0.51,0.142,-0.788,-0.233,0.702,0.579,0.851,0.00179,0.126,"lm.nb","TLR","NM_002468.3:2145"
"IL1RN-mRNA",-1.26,0.35,-1.94,-0.569,0.419,0.26,0.674,0.00185,0.126,"lm.nb","Cytokines, Interleukins","NM_000577.3:480"
"NCAM1-mRNA",1.01,0.284,0.455,1.57,2.02,1.37,2.97,0.00195,0.126,"lm.nb","","NM_000615.5:1620"
"CT45A1-mRNA",1.31,0.368,0.586,2.03,2.48,1.5,4.08,0.00201,0.126,"lm.nb","CT Antigen","NM_001017417.1:866"
"CD8A-mRNA",0.889,0.263,0.374,1.4,1.85,1.3,2.65,0.00295,0.163,"lm.nb","Antigen Processing, Pathogen Defense, T-Cell Functions","NM_001768.5:1320"
"NFATC2-mRNA",0.867,0.257,0.362,1.37,1.82,1.29,2.59,0.00306,0.163,"lm.nb","Regulation","NM_012340.3:1815"
"C4BPA-mRNA",-1.97,0.61,-3.16,-0.771,0.256,0.112,0.586,0.00426,0.21,"lm.nb","Complement","NM_000715.3:690"
"CR1-mRNA",-1.15,0.363,-1.86,-0.434,0.452,0.276,0.74,0.00496,0.228,"lm.nb","","NM_000651.4:1695"
"TLR1-mRNA",-0.463,0.148,-0.753,-0.172,0.726,0.593,0.887,0.00535,0.231,"lm.nb","Microglial Functions, TLR","NM_003263.3:545"
"IL6R-mRNA",0.628,0.207,0.223,1.03,1.55,1.17,2.05,0.00648,0.236,"lm.nb","Cytokines","NM_000565.2:993"
"HLA-DMA-mRNA",-0.553,0.184,-0.913,-0.194,0.681,0.531,0.874,0.00685,0.236,"lm.nb","Antigen Processing, Regulation","NM_006120.3:380"
"HLA-DMB-mRNA",-0.715,0.241,-1.19,-0.243,0.609,0.439,0.845,0.00755,0.236,"lm.nb","Antigen Processing","NM_002118.3:20"
"SIGLEC1-mRNA",-0.986,0.337,-1.65,-0.325,0.505,0.32,0.798,0.00835,0.236,"lm.nb","Transporter Functions","NM_023068.3:5165"
"CXCL3-mRNA",-1.05,0.364,-1.77,-0.34,0.482,0.294,0.79,0.00899,0.236,"lm.nb","Chemokines, Regulation","NM_002090.2:540"
"RORA-mRNA",0.482,0.167,0.155,0.809,1.4,1.11,1.75,0.00899,0.236,"lm.nb","Regulation","NM_134261.2:1715"
"ISG15-mRNA",-0.848,0.296,-1.43,-0.267,0.556,0.372,0.831,0.00961,0.236,"lm.nb","","NM_005101.3:305"
"SPP1-mRNA",-1.84,0.643,-3.1,-0.577,0.28,0.117,0.67,0.00972,0.236,"lm.nb","Cytokines","NM_000582.2:760"
"IGF1R-mRNA",0.467,0.165,0.144,0.79,1.38,1.1,1.73,0.0103,0.236,"lm.nb","Senescence","NM_000875.2:455"
"TNFSF10-mRNA",-0.555,0.197,-0.942,-0.169,0.68,0.521,0.889,0.0106,0.236,"lm.nb","Cell Cycle, Cytokines, Regulation, TNF Superfamily","NM_003810.2:115"
"TANK-mRNA",-0.25,0.0891,-0.425,-0.0759,0.841,0.745,0.949,0.0108,0.236,"loglinear","","NM_004180.2:110"
"LTB-mRNA",-1.52,0.543,-2.59,-0.459,0.348,0.166,0.727,0.0109,0.236,"lm.nb","Cytokines, TNF Superfamily","NM_002341.1:330"
"KIT-mRNA",1.15,0.413,0.343,1.96,2.22,1.27,3.9,0.0113,0.236,"lm.nb","Cell Functions","NM_000222.2:2644"
"DDX58-mRNA",-0.534,0.192,-0.912,-0.157,0.69,0.532,0.897,0.0116,0.236,"lm.nb","","NM_014314.3:2130"
"LY96-mRNA",-0.673,0.246,-1.15,-0.19,0.627,0.449,0.876,0.0128,0.236,"lm.nb","","NM_015364.2:360"
"MFGE8-mRNA",-0.705,0.259,-1.21,-0.197,0.613,0.432,0.872,0.0131,0.236,"lm.nb","Transporter Functions","NM_001114614.1:328"
"MME-mRNA",1.99,0.735,0.552,3.43,3.98,1.47,10.8,0.0134,0.236,"lm.nb","Cell Functions","NM_000902.2:5059"
"CD47-mRNA",-0.274,0.101,-0.472,-0.0751,0.827,0.721,0.949,0.0137,0.236,"lm.nb","Macrophage Functions, Regulation, T-Cell Functions, Transporter Functions","NM_001777.3:897"
"CLEC4A-mRNA",-0.607,0.225,-1.05,-0.166,0.656,0.483,0.891,0.0139,0.236,"lm.nb","","NM_194448.2:388"
"IFNAR2-mRNA",-0.423,0.157,-0.731,-0.114,0.746,0.602,0.924,0.0142,0.236,"lm.nb","Chemokines","NM_000874.3:631"
"MARCO-mRNA",-1.21,0.453,-2.1,-0.323,0.432,0.234,0.8,0.0146,0.236,"lm.nb","","NM_006770.3:1434"
"HLA-A-mRNA",-0.533,0.2,-0.924,-0.141,0.691,0.527,0.907,0.0148,0.236,"lm.nb","Antigen Processing, Cytotoxicity, Regulation","NM_002116.5:1000"
"ABCB1-mRNA",0.643,0.242,0.169,1.12,1.56,1.12,2.17,0.0151,0.236,"lm.nb","","NM_000927.3:3910"
"IL18-mRNA",-0.645,0.243,-1.12,-0.169,0.639,0.46,0.889,0.0151,0.236,"lm.nb","Interleukins, NK Cell Functions, T-Cell Functions","NM_001562.2:48"
"IL1RL1-mRNA",0.863,0.325,0.226,1.5,1.82,1.17,2.83,0.0152,0.236,"lm.nb","","NM_016232.4:700"
"CHIT1-mRNA",1.8,0.677,0.471,3.12,3.48,1.39,8.72,0.0152,0.236,"lm.nb","Cell Functions","NM_003465.2:410"
"TLR6-mRNA",-0.504,0.19,-0.877,-0.131,0.705,0.545,0.913,0.0153,0.236,"lm.nb","TLR","NM_006068.2:2530"
"CD4-mRNA",-0.811,0.307,-1.41,-0.209,0.57,0.375,0.865,0.0157,0.236,"lm.nb","","NM_000616.4:975"
"CD14-mRNA",-0.648,0.246,-1.13,-0.166,0.638,0.457,0.891,0.0158,0.236,"lm.nb","","NM_000591.2:885"
"MX1-mRNA",-0.808,0.31,-1.42,-0.199,0.571,0.375,0.871,0.0171,0.236,"lm.nb","","NM_002462.2:1485"
"LILRB1-mRNA",-0.502,0.194,-0.881,-0.123,0.706,0.543,0.919,0.0174,0.236,"lm.nb","NK Cell Functions, Regulation, T-Cell Functions","NM_001081637.1:2332"
"CX3CR1-mRNA",-0.708,0.274,-1.25,-0.171,0.612,0.422,0.889,0.0178,0.236,"lm.nb","Chemokines, Microglial Functions","NM_001337.3:1040"
"IRF2-mRNA",-0.288,0.111,-0.506,-0.0692,0.819,0.704,0.953,0.0178,0.236,"lm.nb","Chemokines, Regulation","NM_002199.3:1624"
"IRAK2-mRNA",-0.753,0.292,-1.33,-0.181,0.593,0.399,0.882,0.0179,0.236,"lm.nb","","NM_001570.3:1285"
"PIK3CD-mRNA",-0.771,0.299,-1.36,-0.185,0.586,0.39,0.88,0.018,0.236,"lm.nb","","NM_005026.3:2978"
"ITGB1-mRNA",-0.476,0.185,-0.839,-0.114,0.719,0.559,0.924,0.018,0.236,"lm.nb","Adhesion, Regulation","NM_033666.2:2000"
"IRAK1-mRNA",-0.531,0.206,-0.935,-0.127,0.692,0.523,0.916,0.0181,0.236,"lm.nb","","NM_001569.3:1995"
"ABL1-mRNA",0.479,0.188,0.111,0.848,1.39,1.08,1.8,0.0192,0.243,"lm.nb","Cell Cycle, Regulation, Senescence","NM_005157.3:3200"
"PIN1-mRNA",-0.355,0.14,-0.628,-0.0813,0.782,0.647,0.945,0.0194,0.243,"lm.nb","","NM_006221.2:434"
"CD276-mRNA",-0.599,0.237,-1.06,-0.136,0.66,0.479,0.91,0.0198,0.244,"lm.nb","Regulation","NM_001024736.1:2120"
"TP53-mRNA",-0.353,0.14,-0.628,-0.0778,0.783,0.647,0.948,0.0206,0.25,"lm.nb","T-Cell Functions","NM_000546.2:1330"
"CARD11-mRNA",-0.775,0.31,-1.38,-0.166,0.584,0.383,0.891,0.0214,0.255,"lm.nb","Regulation","NM_032415.2:1075"
"STAT2-mRNA",-0.453,0.183,-0.812,-0.0945,0.731,0.57,0.937,0.0223,0.256,"lm.nb","Chemokines, Regulation","NM_005419.2:1965"
"IL18R1-mRNA",0.513,0.207,0.106,0.92,1.43,1.08,1.89,0.0225,0.256,"lm.nb","NK Cell Functions, T-Cell Functions","NM_003855.2:2025"
"CD27-mRNA",-1.45,0.586,-2.6,-0.3,0.366,0.165,0.812,0.0226,0.256,"lm.nb","B-Cell Functions, T-Cell Functions","NM_001242.4:330"
"CD58-mRNA",-0.415,0.169,-0.746,-0.084,0.75,0.596,0.943,0.0232,0.258,"lm.nb","","NM_001779.2:478"
"CDKN1A-mRNA",0.548,0.224,0.11,0.987,1.46,1.08,1.98,0.0236,0.258,"lm.nb","Cell Cycle, Regulation, Senescence","NM_000389.2:1975"
"TNFSF4-mRNA",-0.727,0.3,-1.32,-0.139,0.604,0.402,0.908,0.025,0.265,"lm.nb","Chemokines, TNF Superfamily","NM_003326.2:545"
"SIGIRR-mRNA",-0.359,0.149,-0.651,-0.0681,0.78,0.637,0.954,0.0253,0.265,"lm.nb","","NM_021805.2:469"
"IL8-mRNA",-1.21,0.5,-2.19,-0.229,0.432,0.219,0.853,0.0253,0.265,"lm.nb","Chemokines, Cytokines, Interleukins, Pathogen Defense, Regulation","NM_000584.2:25"
"LYN-mRNA",-0.445,0.185,-0.808,-0.0832,0.734,0.571,0.944,0.0257,0.265,"lm.nb","Regulation","NM_002350.1:1285"
"CYBB-mRNA",-0.376,0.157,-0.684,-0.0687,0.77,0.623,0.954,0.0264,0.268,"lm.nb","","NM_000397.3:2686"
"CCL19-mRNA",-1.53,0.643,-2.79,-0.269,0.347,0.145,0.83,0.0274,0.275,"lm.nb","Chemokines, Regulation","NM_006274.2:401"
"TAP1-mRNA",-0.537,0.227,-0.982,-0.0924,0.689,0.506,0.938,0.0281,0.278,"lm.nb","Antigen Processing","NM_000593.5:2075"
"CASP10-mRNA",0.667,0.285,0.109,1.22,1.59,1.08,2.34,0.0296,0.282,"lm.nb","","NM_032977.3:20"
"IFIT2-mRNA",-0.785,0.337,-1.45,-0.124,0.58,0.367,0.918,0.0306,0.282,"lm.nb","Chemokines","NM_001547.4:1995"
"ECSIT-mRNA",0.388,0.167,0.0603,0.716,1.31,1.04,1.64,0.031,0.282,"lm.nb","","NM_001142464.2:1318"
"CYLD-mRNA",-0.329,0.142,-0.607,-0.0504,0.796,0.656,0.966,0.0314,0.282,"lm.nb","","NM_015247.1:2890"
"HLA-E-mRNA",-0.342,0.148,-0.632,-0.052,0.789,0.645,0.965,0.0316,0.282,"lm.nb","Regulation","NM_005516.4:1204"
"CD79A-mRNA",-1.95,0.845,-3.6,-0.292,0.259,0.0823,0.817,0.032,0.282,"lm.nb","","NM_001783.3:695"
"CD79B-mRNA",-1.49,0.647,-2.76,-0.223,0.356,0.148,0.857,0.032,0.282,"lm.nb","B-Cell Functions","NM_021602.2:24"
"IFNA17-mRNA",0.9,0.391,0.133,1.67,1.87,1.1,3.18,0.0324,0.282,"lm.nb","Interleukins","NM_021268.2:291"
"CXCL16-mRNA",-0.416,0.181,-0.771,-0.0609,0.75,0.586,0.959,0.0326,0.282,"lm.nb","Chemokines","NM_001100812.1:850"
"DPP4-mRNA",1.07,0.466,0.156,1.98,2.1,1.11,3.95,0.0326,0.282,"lm.nb","Macrophage Functions, Regulation, T-Cell Functions","NM_001935.3:2700"
"LY86-mRNA",-0.531,0.233,-0.987,-0.0755,0.692,0.504,0.949,0.0334,0.283,"lm.nb","","NM_004271.3:255"
"THY1-mRNA",-0.881,0.386,-1.64,-0.124,0.543,0.321,0.917,0.0335,0.283,"lm.nb","","NM_006288.2:135"
"PLAU-mRNA",-0.941,0.414,-1.75,-0.13,0.521,0.297,0.914,0.0341,0.283,"lm.nb","Senescence","NM_002658.2:793"
"LRRN3-mRNA",0.672,0.297,0.0911,1.25,1.59,1.07,2.38,0.0346,0.285,"lm.nb","","NM_001099660.1:2940"
"FN1-mRNA",-1.18,0.522,-2.2,-0.157,0.442,0.217,0.897,0.0351,0.285,"lm.nb","Senescence","NM_212482.1:1776"
"PPARG-mRNA",-0.641,0.285,-1.2,-0.083,0.641,0.435,0.944,0.0358,0.286,"lm.nb","","NM_015869.3:1035"
"PSMB9-mRNA",-0.477,0.212,-0.893,-0.0604,0.719,0.538,0.959,0.0363,0.286,"lm.nb","Antigen Processing","NM_002800.4:455"
"RORC-mRNA",0.927,0.413,0.117,1.74,1.9,1.08,3.33,0.0365,0.286,"lm.nb","Cell Functions","NM_001001523.1:1350"
"CCL21-mRNA",-2.25,1.01,-4.23,-0.263,0.21,0.0531,0.833,0.0381,0.296,"lm.nb","Chemokines, Regulation","NM_002989.2:180"
"YTHDF2-mRNA",-0.265,0.12,-0.5,-0.0301,0.832,0.707,0.979,0.0388,0.298,"lm.nb","","NM_001172828.1:275"
"TNFRSF12A-mRNA",0.577,0.262,0.0631,1.09,1.49,1.04,2.13,0.0397,0.301,"lm.nb","TNF Superfamily","NM_016639.1:575"
"CD40-mRNA",-0.302,0.139,-0.573,-0.0298,0.811,0.672,0.98,0.0418,0.307,"lm.nb","Regulation","NM_001250.4:1265"
"HLA-DRA-mRNA",-0.786,0.362,-1.49,-0.0769,0.58,0.355,0.948,0.042,0.307,"lm.nb","Antigen Processing","NM_019111.3:335"
"RUNX1-mRNA",-0.591,0.272,-1.13,-0.0572,0.664,0.458,0.961,0.0422,0.307,"lm.nb","Regulation","NM_001754.4:635"
"IL10RA-mRNA",-0.53,0.244,-1.01,-0.0513,0.692,0.497,0.965,0.0422,0.307,"lm.nb","Cytokines","NM_001558.2:150"
"CD180-mRNA",-0.67,0.313,-1.28,-0.0558,0.629,0.411,0.962,0.045,0.322,"lm.nb","","NM_005582.2:1036"
"CYFIP2-mRNA",-0.548,0.257,-1.05,-0.0446,0.684,0.482,0.97,0.0454,0.322,"lm.nb","","NM_001037332.2:4043"
"VCAM1-mRNA",-0.622,0.292,-1.19,-0.0501,0.65,0.437,0.966,0.0456,0.322,"lm.nb","Adhesion, Regulation","NM_001078.3:2535"
"FCGR3A-mRNA",-0.793,0.373,-1.52,-0.062,0.577,0.348,0.958,0.0461,0.322,"lm.nb","Regulation","NM_000569.6:1644"
"CFB-mRNA",-0.619,0.292,-1.19,-0.0461,0.651,0.438,0.969,0.0469,0.324,"lm.nb","","NM_001710.5:2029"
"PLA2G6-mRNA",0.426,0.203,0.029,0.823,1.34,1.02,1.77,0.0483,0.33,"lm.nb","Cell Functions","NM_001004426.1:1954"
"TNFSF15-mRNA",0.548,0.262,0.035,1.06,1.46,1.02,2.09,0.0492,0.33,"lm.nb","Chemokines, TNF Superfamily","NM_001204344.1:2338"
"SAA1-mRNA",-1.32,0.633,-2.56,-0.0799,0.401,0.17,0.946,0.05,0.33,"lm.nb","","NM_199161.1:135"
"CD37-mRNA",-0.762,0.365,-1.48,-0.046,0.59,0.359,0.969,0.05,0.33,"lm.nb","","NM_001774.2:535"
"ALCAM-mRNA",0.398,0.191,0.0238,0.772,1.32,1.02,1.71,0.0501,0.33,"lm.nb","Adhesion","NM_001627.3:789"
"CRP-mRNA",-1.75,0.846,-3.41,-0.0972,0.296,0.0939,0.935,0.0511,0.333,"lm.nb","Transporter Functions","NM_000567.2:1521"
"HSD11B1-mRNA",-0.693,0.336,-1.35,-0.0349,0.618,0.392,0.976,0.0522,0.337,"lm.nb","Cell Functions","NM_181755.1:155"
"IFIT1-mRNA",-0.701,0.341,-1.37,-0.0322,0.615,0.387,0.978,0.0532,0.341,"lm.nb","Chemokines","NM_001548.3:1440"
"BCL2-mRNA",-0.991,0.484,-1.94,-0.0422,0.503,0.261,0.971,0.054,0.341,"lm.nb","Cell Cycle","NM_000657.2:947"
"IL2RG-mRNA",-0.656,0.321,-1.29,-0.0272,0.634,0.41,0.981,0.0543,0.341,"lm.nb","Chemokines","NM_000206.1:595"
"TAPBP-mRNA",-0.294,0.145,-0.579,-0.00865,0.816,0.67,0.994,0.057,0.355,"lm.nb","Antigen Processing","NM_003190.4:1536"
"MIF-mRNA",-0.398,0.198,-0.787,-0.0098,0.759,0.58,0.993,0.0582,0.357,"lm.nb","","NM_002415.1:319"
"SMAD2-mRNA",-0.22,0.11,-0.434,-0.00519,0.859,0.74,0.996,0.0584,0.357,"lm.nb","Cell Functions","NM_005901.5:1678"
"ST6GAL1-mRNA",-0.643,0.324,-1.28,-0.00855,0.64,0.412,0.994,0.0609,0.361,"lm.nb","","NM_003032.2:1300"
"STAT1-mRNA",-0.358,0.18,-0.711,-0.00434,0.78,0.611,0.997,0.0611,0.361,"lm.nb","Chemokines, Regulation","NM_007315.2:205"
"EPCAM-mRNA",0.766,0.387,0.0077,1.52,1.7,1.01,2.88,0.0616,0.361,"lm.nb","Adhesion, Cell Functions","NM_002354.1:415"
"FEZ1-mRNA",-0.292,0.147,-0.581,-0.00292,0.817,0.669,0.998,0.0617,0.361,"lm.nb","Cell Functions","NM_005103.4:426"
"CD209-mRNA",-0.938,0.474,-1.87,-0.00828,0.522,0.274,0.994,0.0619,0.361,"lm.nb","Cell Functions","NM_021155.2:1532"
"FCER1G-mRNA",-0.563,0.285,-1.12,-0.00399,0.677,0.46,0.997,0.0624,0.361,"lm.nb","Regulation","NM_004106.1:36"
"CREB1-mRNA",-0.241,0.123,-0.482,-0.000729,0.846,0.716,0.999,0.0633,0.361,"lm.nb","","NM_004379.3:4855"
"KLRC2-mRNA",0.871,0.443,0.00262,1.74,1.83,1,3.34,0.0633,0.361,"lm.nb","NK Cell Functions","NM_002260.3:942"
"TOLLIP-mRNA",0.294,0.15,0.000339,0.588,1.23,1,1.5,0.0638,0.361,"lm.nb","","NM_019009.2:1320"
"IFITM2-mRNA",-0.414,0.212,-0.829,0.000798,0.75,0.563,1,0.0645,0.363,"lm.nb","","NM_006435.2:390"
"CFI-mRNA",-0.505,0.258,-1.01,0.00211,0.705,0.496,1,0.0651,0.363,"lm.nb","","NM_000204.3:1780"
"IRF7-mRNA",-0.49,0.252,-0.985,0.00398,0.712,0.505,1,0.0661,0.365,"lm.nb","","NM_001572.3:1763"
"JAK3-mRNA",-0.609,0.316,-1.23,0.00951,0.655,0.427,1.01,0.0679,0.368,"lm.nb","Cytokines, Regulation","NM_000215.2:1715"
"CXCL1-mRNA",-0.655,0.34,-1.32,0.0122,0.635,0.4,1.01,0.0687,0.368,"lm.nb","Chemokines, Regulation","NM_001511.1:742"
"NLRC5-mRNA",-0.332,0.173,-0.671,0.00736,0.794,0.628,1.01,0.0696,0.368,"lm.nb","","NM_032206.4:860"
"IFI27-mRNA",-0.974,0.508,-1.97,0.0216,0.509,0.255,1.02,0.0696,0.368,"lm.nb","Chemokines","NM_005532.3:390"
"IRF8-mRNA",-0.538,0.281,-1.09,0.0124,0.689,0.47,1.01,0.0698,0.368,"lm.nb","Chemokines, Regulation","NM_002163.2:253"
"CD83-mRNA",-0.772,0.403,-1.56,0.018,0.586,0.339,1.01,0.0699,0.368,"lm.nb","","NM_004233.3:1960"
"CD55-mRNA",0.353,0.185,-0.00881,0.716,1.28,0.994,1.64,0.0703,0.368,"lm.nb","","NM_000574.3:101"
"IL17RA-mRNA",-0.34,0.18,-0.692,0.0119,0.79,0.619,1.01,0.0728,0.375,"lm.nb","Cell Functions","NM_014339.6:482"
"IL32-mRNA",-0.366,0.193,-0.744,0.013,0.776,0.597,1.01,0.073,0.375,"lm.nb","Chemokines, Interleukins","NM_004221.4:358"
"CCL13-mRNA",0.935,0.495,-0.0356,1.9,1.91,0.976,3.75,0.0736,0.375,"lm.nb","Chemokines","NM_005408.2:320"
"LCK-mRNA",-0.538,0.285,-1.1,0.0209,0.689,0.467,1.01,0.0738,0.375,"lm.nb","Regulation, T-Cell Functions","NM_005356.2:1260"
"CXCL5-mRNA",-1.54,0.819,-3.14,0.069,0.345,0.113,1.05,0.0754,0.38,"lm.nb","Chemokines","NM_002994.3:250"
"IFNA7-mRNA",0.594,0.32,-0.0326,1.22,1.51,0.978,2.33,0.0779,0.39,"lm.nb","Interleukins","NM_021057.2:215"
"ENTPD1-mRNA",-0.332,0.18,-0.684,0.0196,0.794,0.622,1.01,0.079,0.393,"lm.nb","","NM_001098175.1:8830"
"THBS1-mRNA",0.562,0.305,-0.0367,1.16,1.48,0.975,2.23,0.0807,0.396,"lm.nb","Antigen Processing, Cell Cycle, Regulation","NM_003246.2:3465"
"ITGB2-mRNA",-0.473,0.257,-0.978,0.0311,0.72,0.508,1.02,0.0808,0.396,"lm.nb","Adhesion, Regulation","NM_000211.2:520"
"HCK-mRNA",-0.365,0.199,-0.755,0.0251,0.777,0.593,1.02,0.0816,0.396,"lm.nb","Leukocyte Functions","NM_002110.2:260"
"HLA-DOB-mRNA",-0.868,0.474,-1.8,0.0623,0.548,0.288,1.04,0.0824,0.396,"lm.nb","Antigen Processing, Cytokines","NM_002120.3:230"
"CREB5-mRNA",0.354,0.194,-0.0256,0.734,1.28,0.982,1.66,0.0825,0.396,"lm.nb","","NM_182898.2:1885"
"TREM2-mRNA",-0.559,0.308,-1.16,0.0439,0.679,0.447,1.03,0.0842,0.4,"lm.nb","","NM_018965.3:611"
"CD53-mRNA",-0.674,0.372,-1.4,0.0544,0.627,0.378,1.04,0.0848,0.4,"lm.nb","","NM_001040033.1:835"
"ICAM2-mRNA",-0.469,0.259,-0.977,0.0384,0.722,0.508,1.03,0.0851,0.4,"lm.nb","Adhesion, Regulation","NM_000873.3:415"
"TGFB2-mRNA",-0.546,0.303,-1.14,0.0474,0.685,0.454,1.03,0.0864,0.4,"lm.nb","Interleukins","NM_003238.2:1125"
"DUSP6-mRNA",-0.485,0.27,-1.01,0.0438,0.715,0.495,1.03,0.0874,0.4,"lm.nb","","NM_001946.2:1535"
"CHUK-mRNA",0.314,0.175,-0.0285,0.656,1.24,0.98,1.58,0.0875,0.4,"lm.nb","","NM_001278.3:860"
"PTPRC-mRNA",-0.497,0.277,-1.04,0.046,0.709,0.487,1.03,0.088,0.4,"lm.nb","B-Cell Functions, T-Cell Functions","NM_080921.3:258"
"SERPING1-mRNA",-0.47,0.263,-0.985,0.0445,0.722,0.505,1.03,0.0885,0.4,"lm.nb","","NM_000062.2:305"
"MS4A2-mRNA",0.558,0.312,-0.0531,1.17,1.47,0.964,2.25,0.0887,0.4,"lm.nb","Chemokines","NM_000139.3:661"
"ANP32B-mRNA",0.211,0.119,-0.0215,0.443,1.16,0.985,1.36,0.0906,0.401,"lm.nb","Cell Functions","NM_006401.2:660"
"IRF4-mRNA",-1.07,0.604,-2.26,0.11,0.475,0.209,1.08,0.0907,0.401,"lm.nb","B-Cell Functions, Regulation, T-Cell Functions","NM_002460.1:325"
"APOE-mRNA",-0.88,0.495,-1.85,0.0911,0.544,0.277,1.07,0.091,0.401,"lm.nb","Transporter Functions","NM_000041.2:96"
"CLEC7A-mRNA",-0.282,0.159,-0.594,0.0295,0.822,0.662,1.02,0.0912,0.401,"lm.nb","","NM_197954.2:55"
"PECAM1-mRNA",-0.454,0.256,-0.956,0.0482,0.73,0.516,1.03,0.0917,0.401,"lm.nb","Transporter Functions","NM_000442.3:1365"
"ITGAL-mRNA",-0.537,0.304,-1.13,0.0595,0.689,0.456,1.04,0.0929,0.404,"lm.nb","Adhesion, Regulation","NM_002209.2:3905"
"NRP1-mRNA",-0.311,0.177,-0.659,0.0363,0.806,0.633,1.03,0.0945,0.407,"lm.nb","Cell Functions","NM_003873.5:370"
"CKLF-mRNA",-0.462,0.263,-0.978,0.0545,0.726,0.508,1.04,0.0949,0.407,"lm.nb","Chemokines","NM_181640.2:275"
"IKBKG-mRNA",0.182,0.104,-0.0217,0.385,1.13,0.985,1.31,0.0953,0.407,"loglinear","","NM_003639.2:470"
"PDGFRB-mRNA",-0.591,0.338,-1.25,0.0722,0.664,0.419,1.05,0.0961,0.407,"lm.nb","","NM_002609.3:840"
"PSMB8-mRNA",-0.325,0.187,-0.693,0.042,0.798,0.619,1.03,0.098,0.41,"lm.nb","Chemokines","NM_004159.4:1215"
"RIPK2-mRNA",-0.246,0.142,-0.523,0.0323,0.843,0.696,1.02,0.0986,0.41,"lm.nb","","NM_003821.5:1695"
"LCP1-mRNA",-0.577,0.333,-1.23,0.0766,0.67,0.426,1.05,0.099,0.41,"lm.nb","Leukocyte Functions, Macrophage Functions, T-Cell Functions","NM_002298.4:3195"
"NFKB1-mRNA",0.258,0.149,-0.0347,0.55,1.2,0.976,1.46,0.0995,0.41,"lm.nb","","NM_003998.2:1675"
"TNFRSF11B-mRNA",-0.878,0.509,-1.87,0.119,0.544,0.273,1.09,0.0997,0.41,"lm.nb","TNF Superfamily","NM_002546.2:1075"
"ITGA4-mRNA",-0.504,0.297,-1.09,0.0778,0.705,0.471,1.06,0.105,0.428,"lm.nb","Adhesion, Regulation","NM_000885.4:975"
"TIGIT-mRNA",-0.516,0.304,-1.11,0.0799,0.699,0.463,1.06,0.105,0.428,"lm.nb","T-Cell Functions","NM_173799.2:1968"
"C3-mRNA",-0.631,0.374,-1.36,0.102,0.646,0.388,1.07,0.107,0.433,"lm.nb","Regulation","NM_000064.2:4396"
"C1QBP-mRNA",0.268,0.16,-0.0458,0.581,1.2,0.969,1.5,0.11,0.439,"lm.nb","Chemokines","NM_001212.3:745"
"IFNA2-mRNA",0.568,0.339,-0.0974,1.23,1.48,0.935,2.35,0.11,0.439,"lm.nb","Interleukins","NM_000605.3:611"
"COL3A1-mRNA",-0.626,0.377,-1.37,0.114,0.648,0.388,1.08,0.113,0.448,"lm.nb","Regulation","NM_000090.3:180"
"ITGA6-mRNA",0.36,0.218,-0.0668,0.786,1.28,0.955,1.72,0.114,0.45,"lm.nb","Adhesion","NM_000210.1:3065"
"STAT4-mRNA",0.311,0.19,-0.0621,0.684,1.24,0.958,1.61,0.118,0.463,"lm.nb","Chemokines, Regulation, T-Cell Functions","NM_003151.2:789"
"CASP3-mRNA",-0.163,0.101,-0.36,0.0339,0.893,0.779,1.02,0.12,0.467,"loglinear","Cell Cycle, Regulation","NM_032991.2:685"
"ITGAM-mRNA",-0.388,0.24,-0.858,0.0811,0.764,0.552,1.06,0.121,0.467,"lm.nb","Adhesion, Transporter Functions","NM_000632.3:515"
"CTSL-mRNA",-0.442,0.273,-0.978,0.0934,0.736,0.508,1.07,0.121,0.467,"lm.nb","","NM_001912.4:1072"
"CSF2RB-mRNA",-0.558,0.345,-1.23,0.118,0.679,0.425,1.09,0.122,0.467,"lm.nb","Chemokines","NM_000395.2:3300"
"ITGAX-mRNA",-0.539,0.336,-1.2,0.119,0.688,0.436,1.09,0.124,0.473,"lm.nb","Adhesion","NM_000887.3:700"
"SLC11A1-mRNA",-0.641,0.4,-1.42,0.143,0.641,0.373,1.1,0.125,0.473,"lm.nb","Macrophage Functions","NM_000578.2:1965"
"FCGR2A-mRNA",-0.483,0.304,-1.08,0.114,0.716,0.473,1.08,0.129,0.486,"lm.nb","Transporter Functions","NM_021642.3:60"
"ICAM3-mRNA",-0.423,0.268,-0.949,0.103,0.746,0.518,1.07,0.131,0.491,"lm.nb","Adhesion, Regulation","NM_002162.3:1225"
"CD22-mRNA",-0.84,0.536,-1.89,0.21,0.558,0.27,1.16,0.132,0.491,"lm.nb","","NM_001771.2:2515"
"PVR-mRNA",0.232,0.148,-0.058,0.522,1.17,0.961,1.44,0.133,0.491,"lm.nb","Regulation","NM_006505.3:604"
"TGFB1-mRNA",-0.281,0.179,-0.632,0.0704,0.823,0.645,1.05,0.133,0.491,"lm.nb","Interleukins, Regulation","NM_000660.3:1260"
"RELB-mRNA",-0.372,0.239,-0.841,0.0962,0.772,0.558,1.07,0.135,0.496,"lm.nb","Regulation","NM_006509.2:250"
"CD19-mRNA",-0.878,0.566,-1.99,0.23,0.544,0.252,1.17,0.136,0.498,"lm.nb","B-Cell Functions, Regulation","NM_001770.4:1770"
"TYK2-mRNA",-0.284,0.184,-0.643,0.0761,0.822,0.64,1.05,0.138,0.502,"lm.nb","Cytokines, Pathogen Defense, Regulation","NM_003331.3:485"
"BST2-mRNA",-0.436,0.286,-0.996,0.124,0.739,0.501,1.09,0.143,0.517,"lm.nb","","NM_004335.2:560"
"HLA-B-mRNA",-0.336,0.221,-0.769,0.0971,0.792,0.587,1.07,0.144,0.518,"lm.nb","Antigen Processing, Cytotoxicity, Regulation","NM_005514.6:937"
"MAP2K1-mRNA",-0.311,0.206,-0.715,0.0922,0.806,0.609,1.07,0.146,0.523,"lm.nb","","NM_002755.2:970"
"S100A7-mRNA",0.395,0.262,-0.119,0.909,1.32,0.921,1.88,0.147,0.524,"lm.nb","","NM_002963.2:69"
"IL13RA1-mRNA",-0.23,0.152,-0.528,0.0693,0.853,0.693,1.05,0.148,0.524,"lm.nb","Cytokines, T-Cell Functions","NM_001560.2:1230"
"CD63-mRNA",-0.229,0.152,-0.527,0.07,0.853,0.694,1.05,0.149,0.525,"lm.nb","","NM_001780.4:350"
"IL2RB-mRNA",-0.496,0.331,-1.15,0.154,0.709,0.452,1.11,0.15,0.528,"lm.nb","Cytokines","NM_000878.2:1980"
"F13A1-mRNA",-0.626,0.42,-1.45,0.197,0.648,0.366,1.15,0.151,0.528,"lm.nb","Cell Functions","NM_000129.3:3196"
"TRAF2-mRNA",-0.209,0.14,-0.484,0.0665,0.865,0.715,1.05,0.153,0.531,"lm.nb","","NM_021138.3:1325"
"APP-mRNA",0.235,0.16,-0.0777,0.548,1.18,0.948,1.46,0.156,0.54,"lm.nb","","NM_000484.3:1725"
"KLRC1-mRNA",0.397,0.271,-0.134,0.928,1.32,0.912,1.9,0.158,0.541,"lm.nb","NK Cell Functions, Regulation","NM_002259.3:335"
"INPP5D-mRNA",-0.365,0.249,-0.852,0.123,0.777,0.554,1.09,0.158,0.541,"lm.nb","Regulation","NM_005541.3:4075"
"TLR4-mRNA",-0.277,0.19,-0.649,0.0956,0.826,0.638,1.07,0.161,0.544,"lm.nb","Microglial Functions, TLR","NM_138554.2:2570"
"S100A8-mRNA",0.725,0.498,-0.252,1.7,1.65,0.84,3.25,0.161,0.544,"lm.nb","","NM_002964.3:115"
"ITGA1-mRNA",-0.362,0.249,-0.849,0.126,0.778,0.555,1.09,0.161,0.544,"lm.nb","Adhesion, NK Cell Functions, T-Cell Functions","NM_181501.1:1875"
"CXCL2-mRNA",-0.574,0.397,-1.35,0.204,0.672,0.392,1.15,0.164,0.546,"lm.nb","Chemokines, Regulation","NM_002089.3:854"
"HLA-DPA1-mRNA",-0.474,0.328,-1.12,0.169,0.72,0.461,1.12,0.164,0.546,"lm.nb","Antigen Processing","NM_033554.2:857"
"AKT3-mRNA",0.182,0.126,-0.0649,0.428,1.13,0.956,1.35,0.164,0.546,"lm.nb","Cell Functions","NM_181690.1:755"
"SYK-mRNA",-0.201,0.139,-0.474,0.0726,0.87,0.72,1.05,0.166,0.548,"lm.nb","Macrophage Functions","NM_003177.3:1685"
"TRAF6-mRNA",0.142,0.0989,-0.0521,0.336,1.1,0.965,1.26,0.167,0.55,"lm.nb","","NM_145803.1:1839"
"TAP2-mRNA",-0.23,0.161,-0.546,0.0853,0.853,0.685,1.06,0.168,0.55,"lm.nb","Antigen Processing","NM_000544.3:909"
"CSF3R-mRNA",-0.537,0.378,-1.28,0.204,0.689,0.412,1.15,0.171,0.55,"lm.nb","Cytokines","NM_156038.2:90"
"IL11RA-mRNA",0.215,0.151,-0.0818,0.511,1.16,0.945,1.43,0.171,0.55,"lm.nb","Chemokines","NM_147162.1:400"
"CD59-mRNA",-0.184,0.13,-0.439,0.0704,0.88,0.738,1.05,0.172,0.55,"lm.nb","","NM_000611.4:730"
"ULBP2-mRNA",0.478,0.337,-0.183,1.14,1.39,0.881,2.2,0.172,0.55,"lm.nb","Regulation","NM_025217.2:905"
"BCL10-mRNA",-0.243,0.171,-0.578,0.0929,0.845,0.67,1.07,0.172,0.55,"lm.nb","","NM_003921.2:1250"
"HAVCR2-mRNA",-0.356,0.254,-0.855,0.142,0.781,0.553,1.1,0.177,0.559,"lm.nb","Cell Functions","NM_032782.3:955"
"IFIH1-mRNA",-0.189,0.135,-0.454,0.0757,0.877,0.73,1.05,0.177,0.559,"lm.nb","","NM_022168.2:185"
"MSR1-mRNA",-0.427,0.306,-1.03,0.173,0.744,0.491,1.13,0.179,0.559,"lm.nb","Cell Functions","NM_002445.3:326"
"IL2RA-mRNA",-0.535,0.384,-1.29,0.218,0.69,0.409,1.16,0.179,0.559,"lm.nb","Regulation","NM_000417.1:1000"
"NCF4-mRNA",-0.33,0.237,-0.794,0.135,0.796,0.577,1.1,0.179,0.559,"lm.nb","","NM_000631.4:210"
"TNFRSF1B-mRNA",-0.24,0.173,-0.578,0.0988,0.847,0.67,1.07,0.18,0.559,"lm.nb","Chemokines, TNF Superfamily","NM_001066.2:835"
"ATF2-mRNA",0.25,0.18,-0.103,0.603,1.19,0.931,1.52,0.181,0.559,"lm.nb","","NM_001256090.1:336"
"PLA2G1B-mRNA",3.27,2.36,-1.36,7.9,9.66,0.39,239,0.181,0.559,"loglinear","Regulation","NM_000928.2:396"
"LRP1-mRNA",-0.374,0.271,-0.905,0.157,0.772,0.534,1.11,0.183,0.561,"lm.nb","","NM_002332.2:4240"
"C4B-mRNA",-0.513,0.375,-1.25,0.221,0.701,0.421,1.17,0.186,0.566,"lm.nb","Complement","NM_001002029.3:4437"
"CD84-mRNA",-0.306,0.224,-0.744,0.133,0.809,0.597,1.1,0.187,0.566,"lm.nb","","NM_001184879.1:28"
"CD3EAP-mRNA",-0.282,0.206,-0.686,0.122,0.823,0.622,1.09,0.187,0.566,"lm.nb","Regulation","NM_012099.1:555"
"CXCR4-mRNA",-0.541,0.397,-1.32,0.237,0.688,0.401,1.18,0.188,0.568,"lm.nb","Cell Cycle, Cell Functions, Chemokines, Regulation","NM_003467.2:1335"
"CCR5-mRNA",0.299,0.222,-0.136,0.734,1.23,0.91,1.66,0.193,0.579,"lm.nb","Cytokines, T-Cell Functions","NM_000579.1:2730"
"CEACAM1-mRNA",-0.523,0.389,-1.29,0.239,0.696,0.41,1.18,0.194,0.579,"lm.nb","Adhesion","NM_001712.3:2455"
"CCL20-mRNA",-0.579,0.434,-1.43,0.272,0.669,0.371,1.21,0.198,0.586,"lm.nb","Chemokines","NM_004591.1:35"
"PYCARD-mRNA",-0.298,0.224,-0.737,0.141,0.813,0.6,1.1,0.198,0.586,"lm.nb","","NM_013258.3:714"
"CD74-mRNA",-0.27,0.203,-0.668,0.128,0.829,0.629,1.09,0.199,0.586,"lm.nb","","NM_001025159.1:964"
"CSF1R-mRNA",-0.331,0.249,-0.819,0.158,0.795,0.567,1.12,0.199,0.586,"lm.nb","","NM_005211.2:3775"
"IL16-mRNA",-0.419,0.316,-1.04,0.201,0.748,0.487,1.15,0.2,0.586,"lm.nb","Interleukins","NM_004513.4:1262"
"CD68-mRNA",-0.284,0.217,-0.71,0.142,0.821,0.611,1.1,0.206,0.601,"lm.nb","Cell Functions","NM_001251.2:1140"
"NFKB2-mRNA",-0.235,0.181,-0.59,0.119,0.85,0.664,1.09,0.208,0.604,"lm.nb","","NM_002502.2:825"
"F2RL1-mRNA",0.433,0.333,-0.221,1.09,1.35,0.858,2.12,0.209,0.604,"lm.nb","Macrophage Functions, T-Cell Functions","NM_005242.3:940"
"PTGS2-mRNA",-0.537,0.415,-1.35,0.276,0.689,0.392,1.21,0.21,0.606,"lm.nb","Cytokines","NM_000963.1:495"
"LY9-mRNA",-0.498,0.388,-1.26,0.262,0.708,0.418,1.2,0.214,0.61,"lm.nb","","NM_001033667.1:260"
"CTLA4-mRNA",-0.453,0.353,-1.14,0.24,0.731,0.452,1.18,0.215,0.61,"lm.nb","B-Cell Functions, T-Cell Functions","NM_005214.3:405"
"CCL25-mRNA",1.13,0.882,-0.599,2.86,2.19,0.66,7.26,0.215,0.61,"lm.nb","Chemokines, Complement","NM_005624.2:325"
"HMGB1-mRNA",-0.11,0.0865,-0.28,0.0592,0.926,0.824,1.04,0.217,0.61,"loglinear","Regulation","NM_002128.4:208"
"TPSAB1-mRNA",0.464,0.364,-0.249,1.18,1.38,0.842,2.26,0.217,0.61,"lm.nb","Cell Functions","NM_003294.3:579"
"CFD-mRNA",0.547,0.43,-0.296,1.39,1.46,0.815,2.62,0.218,0.61,"lm.nb","","NM_001928.2:859"
"MAP3K1-mRNA",-0.278,0.219,-0.707,0.151,0.825,0.613,1.11,0.219,0.61,"lm.nb","","NM_005921.1:2525"
"SLAMF7-mRNA",-0.564,0.444,-1.43,0.307,0.677,0.37,1.24,0.219,0.61,"lm.nb","","NM_021181.3:215"
"UBC-mRNA",0.225,0.178,-0.123,0.573,1.17,0.918,1.49,0.22,0.611,"lm.nb","","NM_021009.3:1875"
"ZAP70-mRNA",-0.481,0.381,-1.23,0.266,0.717,0.427,1.2,0.221,0.611,"lm.nb","","NM_001079.3:1175"
"LILRB2-mRNA",-0.271,0.215,-0.692,0.15,0.829,0.619,1.11,0.222,0.611,"lm.nb","Regulation","NM_005874.1:595"
"LCN2-mRNA",-0.812,0.645,-2.08,0.453,0.57,0.237,1.37,0.223,0.611,"lm.nb","","NM_005564.3:325"
"CCL22-mRNA",-0.399,0.319,-1.02,0.225,0.758,0.492,1.17,0.225,0.614,"lm.nb","Chemokines, Pathogen Defense","NM_002990.3:797"
"CXCR2-mRNA",0.602,0.482,-0.343,1.55,1.52,0.788,2.92,0.226,0.615,"lm.nb","Chemokines, Regulation","NM_001557.2:2055"
"CD44-mRNA",-0.208,0.168,-0.536,0.121,0.866,0.689,1.09,0.229,0.621,"lm.nb","Senescence, Transporter Functions","NM_001001392.1:429"
"CX3CL1-mRNA",-0.246,0.2,-0.639,0.147,0.843,0.642,1.11,0.234,0.632,"lm.nb","Chemokines, Leukocyte Functions","NM_002996.3:140"
"ADA-mRNA",0.52,0.435,-0.333,1.37,1.43,0.794,2.59,0.246,0.658,"lm.nb","B-Cell Functions, T-Cell Functions","NM_000022.2:1300"
"CXCL6-mRNA",-0.563,0.473,-1.49,0.365,0.677,0.356,1.29,0.249,0.658,"lm.nb","Chemokines, Regulation","NM_002993.3:539"
"PLAUR-mRNA",-0.38,0.32,-1.01,0.247,0.768,0.497,1.19,0.249,0.658,"lm.nb","","NM_001005376.1:440"
"FCGR2B-mRNA",-0.38,0.32,-1.01,0.247,0.769,0.498,1.19,0.249,0.658,"lm.nb","Regulation","NM_001002273.1:870"
"CR2-mRNA",-1.08,0.909,-2.86,0.701,0.473,0.137,1.63,0.249,0.658,"Wald","B-Cell Functions","NM_001006658.1:485"
"PMCH-mRNA",0.327,0.276,-0.213,0.867,1.25,0.862,1.82,0.25,0.658,"lm.nb","Cell Functions","NM_002674.2:172"
"IFI16-mRNA",-0.18,0.153,-0.481,0.121,0.883,0.717,1.09,0.254,0.668,"lm.nb","Chemokines","NM_005531.1:2255"
"AMICA1-mRNA",-0.3,0.257,-0.803,0.203,0.812,0.573,1.15,0.257,0.671,"lm.nb","Regulation","NM_153206.2:620"
"TNFRSF10B-mRNA",-0.234,0.201,-0.627,0.159,0.85,0.648,1.12,0.257,0.671,"lm.nb","TNF Superfamily","NM_003842.3:565"
"C1R-mRNA",-0.43,0.372,-1.16,0.3,0.742,0.447,1.23,0.261,0.679,"lm.nb","Complement","NM_001733.4:760"
"HLA-DPB1-mRNA",-0.328,0.285,-0.888,0.231,0.797,0.541,1.17,0.264,0.683,"lm.nb","Antigen Processing","NM_002121.4:931"
"CCND3-mRNA",0.245,0.213,-0.174,0.663,1.18,0.887,1.58,0.265,0.683,"lm.nb","Cell Cycle","NM_001760.2:1215"
"MAP2K2-mRNA",-0.121,0.106,-0.329,0.0867,0.92,0.796,1.06,0.267,0.685,"lm.nb","","NM_030662.2:1325"
"C1S-mRNA",-0.407,0.36,-1.11,0.299,0.754,0.462,1.23,0.272,0.694,"lm.nb","Complement","NM_001734.2:775"
"TICAM2-mRNA",-0.184,0.163,-0.502,0.135,0.88,0.706,1.1,0.272,0.694,"lm.nb","","NM_021649.4:3234"
"C6-mRNA",0.64,0.568,-0.473,1.75,1.56,0.721,3.37,0.273,0.694,"lm.nb","Complement","NM_000065.2:3170"
"MS4A1-mRNA",-1.17,1.04,-3.22,0.876,0.444,0.107,1.84,0.275,0.695,"lm.nb","T-Cell Functions","NM_152866.2:620"
"NFATC1-mRNA",0.392,0.35,-0.294,1.08,1.31,0.816,2.11,0.276,0.695,"lm.nb","Regulation","NM_172389.1:1984"
"IL22RA1-mRNA",0.821,0.735,-0.621,2.26,1.77,0.65,4.8,0.278,0.698,"lm.nb","Chemokines","NM_021258.2:2524"
"C7-mRNA",0.462,0.418,-0.357,1.28,1.38,0.781,2.43,0.282,0.704,"lm.nb","Complement","NM_000587.2:310"
"IRF5-mRNA",-0.218,0.197,-0.604,0.169,0.86,0.658,1.12,0.282,0.704,"lm.nb","Senescence","NM_002200.3:1845"
"NUP107-mRNA",-0.108,0.0979,-0.3,0.084,0.928,0.812,1.06,0.284,0.705,"lm.nb","Cell Cycle","NM_020401.2:1002"
"REPS1-mRNA",-0.204,0.186,-0.568,0.161,0.868,0.674,1.12,0.287,0.711,"lm.nb","Cell Functions","NM_001128617.2:1288"
"XCL2-mRNA",0.296,0.272,-0.237,0.83,1.23,0.848,1.78,0.289,0.712,"lm.nb","Chemokines","NM_003175.3:377"
"GZMA-mRNA",-0.255,0.235,-0.715,0.205,0.838,0.609,1.15,0.289,0.712,"lm.nb","Cell Functions, Cytotoxicity","NM_006144.2:155"
"GTF3C1-mRNA",-0.132,0.122,-0.372,0.108,0.913,0.773,1.08,0.295,0.722,"lm.nb","Cell Functions","NM_001520.3:2904"
"HLA-DRB3-mRNA",-0.192,0.183,-0.55,0.166,0.875,0.683,1.12,0.305,0.746,"lm.nb","Antigen Processing","NM_022555.3:698"
"REL-mRNA",-0.236,0.225,-0.678,0.206,0.849,0.625,1.15,0.307,0.748,"lm.nb","Regulation","NM_002908.2:225"
"TTK-mRNA",0.3,0.29,-0.268,0.867,1.23,0.83,1.82,0.313,0.76,"lm.nb","CT Antigen","NM_003318.3:1200"
"TLR10-mRNA",-0.3,0.293,-0.873,0.274,0.812,0.546,1.21,0.318,0.768,"lm.nb","TLR","NM_030956.2:2246"
"IL1B-mRNA",-0.36,0.353,-1.05,0.333,0.779,0.482,1.26,0.32,0.771,"lm.nb","Chemokines, Cytokines, Interleukins, Pathogen Defense, Regulation","NM_000576.2:840"
"TNFSF13B-mRNA",-0.108,0.107,-0.317,0.101,0.928,0.803,1.07,0.322,0.773,"lm.nb","Regulation, TNF Superfamily","NM_006573.4:1430"
"MAF-mRNA",-0.257,0.255,-0.758,0.243,0.837,0.591,1.18,0.326,0.778,"lm.nb","Cell Functions, T-Cell Functions","NM_005360.4:888"
"SELPLG-mRNA",-0.229,0.228,-0.675,0.217,0.853,0.626,1.16,0.327,0.778,"lm.nb","","NM_001206609.1:326"
"AMBP-mRNA",0.81,0.807,-0.772,2.39,1.75,0.585,5.25,0.328,0.778,"lm.nb","Regulation","NM_001633.3:597"
"BTLA-mRNA",-0.361,0.36,-1.07,0.345,0.779,0.477,1.27,0.329,0.778,"lm.nb","Cell Functions","NM_181780.2:305"
"KLRB1-mRNA",0.385,0.388,-0.375,1.15,1.31,0.771,2.21,0.333,0.784,"lm.nb","Chemokines, NK Cell Functions","NM_002258.2:85"
"TNFRSF11A-mRNA",0.411,0.415,-0.403,1.22,1.33,0.756,2.34,0.334,0.784,"lm.nb","TNF Superfamily","NM_003839.2:490"
"PBK-mRNA",0.249,0.252,-0.245,0.744,1.19,0.844,1.67,0.335,0.784,"lm.nb","CT Antigen","NM_018492.2:1587"
"TCF7-mRNA",-0.329,0.336,-0.987,0.329,0.796,0.505,1.26,0.339,0.788,"lm.nb","Regulation","NM_003202.2:2420"
"CXCL13-mRNA",-0.923,0.946,-2.78,0.93,0.527,0.146,1.91,0.34,0.788,"lm.nb","Chemokines","NM_006419.2:210"
"TNFRSF1A-mRNA",0.113,0.116,-0.114,0.34,1.08,0.924,1.27,0.341,0.788,"lm.nb","Chemokines, TNF Superfamily","NM_001065.2:515"
"MAVS-mRNA",0.155,0.159,-0.157,0.467,1.11,0.897,1.38,0.341,0.788,"lm.nb","","NM_020746.3:3460"
"MAP3K5-mRNA",0.113,0.117,-0.117,0.344,1.08,0.922,1.27,0.346,0.795,"lm.nb","","NM_005923.3:1760"
"CD48-mRNA",-0.349,0.362,-1.06,0.36,0.785,0.48,1.28,0.347,0.795,"lm.nb","","NM_001778.2:270"
"PSMB10-mRNA",-0.18,0.187,-0.547,0.187,0.883,0.685,1.14,0.348,0.795,"lm.nb","","NM_002801.2:221"
"PSEN2-mRNA",0.145,0.153,-0.156,0.445,1.11,0.898,1.36,0.357,0.814,"lm.nb","Macrophage Functions","NM_000447.2:915"
"ITGA5-mRNA",0.374,0.398,-0.406,1.16,1.3,0.755,2.23,0.358,0.814,"lm.nb","Adhesion","NM_002205.2:925"
"ILF3-mRNA",0.0974,0.104,-0.106,0.301,1.07,0.929,1.23,0.359,0.814,"lm.nb","Chemokines","NM_001137673.1:730"
"IFITM1-mRNA",-0.341,0.365,-1.06,0.375,0.789,0.48,1.3,0.361,0.814,"lm.nb","Regulation","NM_003641.3:482"
"MST1R-mRNA",-0.374,0.4,-1.16,0.411,0.772,0.448,1.33,0.362,0.814,"lm.nb","","NM_002447.1:3300"
"FCGR1A-mRNA",0.258,0.279,-0.288,0.805,1.2,0.819,1.75,0.366,0.821,"lm.nb","","NM_000566.3:1545"
"CCL5-mRNA",0.238,0.261,-0.274,0.75,1.18,0.827,1.68,0.372,0.828,"lm.nb","Chemokines, Cytokines","NM_002985.2:280"
"MUC1-mRNA",-0.44,0.483,-1.39,0.506,0.737,0.382,1.42,0.373,0.828,"lm.nb","","NM_001018017.1:725"
"MAPK3-mRNA",-0.207,0.228,-0.654,0.241,0.867,0.635,1.18,0.376,0.828,"lm.nb","","NM_001040056.1:580"
"EP300-mRNA",-0.145,0.16,-0.459,0.17,0.905,0.727,1.12,0.377,0.828,"lm.nb","","NM_001429.2:715"
"TRAF3-mRNA",-0.133,0.148,-0.422,0.156,0.912,0.746,1.11,0.379,0.828,"lm.nb","","NM_145725.1:1795"
"TNFSF13-mRNA",0.185,0.205,-0.218,0.587,1.14,0.86,1.5,0.379,0.828,"lm.nb","Regulation, TNF Superfamily","NM_003808.3:810"
"CCR9-mRNA",1.37,1.53,-1.63,4.37,2.59,0.324,20.7,0.381,0.828,"Wald","","NM_031200.1:1095"
"CD164-mRNA",-0.132,0.147,-0.421,0.157,0.912,0.747,1.11,0.381,0.828,"lm.nb","","NM_006016.4:2575"
"ATG10-mRNA",0.141,0.158,-0.168,0.45,1.1,0.89,1.37,0.381,0.828,"lm.nb","Transporter Functions","NM_001131028.1:985"
"ENG-mRNA",-0.295,0.329,-0.939,0.35,0.815,0.521,1.27,0.381,0.828,"lm.nb","","NM_001114753.1:1480"
"TNFRSF10C-mRNA",0.248,0.28,-0.3,0.796,1.19,0.812,1.74,0.386,0.835,"lm.nb","TNF Superfamily","NM_003841.3:682"
"FPR2-mRNA",-0.313,0.354,-1.01,0.381,0.805,0.498,1.3,0.388,0.835,"lm.nb","","NM_001462.3:1200"
"GPI-mRNA",-0.168,0.191,-0.542,0.205,0.89,0.687,1.15,0.388,0.835,"lm.nb","","NM_000175.2:1695"
"ATG16L1-mRNA",0.14,0.159,-0.172,0.452,1.1,0.888,1.37,0.389,0.835,"lm.nb","Transporter Functions","NM_198890.2:1975"
"CXCR6-mRNA",0.202,0.232,-0.252,0.656,1.15,0.84,1.58,0.393,0.839,"lm.nb","Chemokines","NM_006564.1:95"
"ICAM1-mRNA",-0.298,0.342,-0.968,0.372,0.813,0.511,1.29,0.393,0.839,"lm.nb","Adhesion, Regulation","NM_000201.2:2253"
"CD38-mRNA",-0.387,0.445,-1.26,0.485,0.765,0.418,1.4,0.395,0.839,"lm.nb","B-Cell Functions, Regulation, T-Cell Functions","NM_001775.2:460"
"DOCK9-mRNA",0.131,0.151,-0.165,0.428,1.1,0.892,1.35,0.396,0.839,"lm.nb","Cell Functions","NM_001130048.1:1020"
"BCL6-mRNA",0.141,0.163,-0.179,0.461,1.1,0.883,1.38,0.399,0.844,"lm.nb","Regulation","NM_001706.2:675"
"CCR2-mRNA",-0.224,0.263,-0.739,0.291,0.856,0.599,1.22,0.404,0.85,"lm.nb","Cytokines","NM_001123041.2:743"
"IRAK4-mRNA",0.11,0.13,-0.144,0.365,1.08,0.905,1.29,0.406,0.85,"lm.nb","","NM_016123.1:2175"
"CXCL14-mRNA",-0.517,0.608,-1.71,0.676,0.699,0.306,1.6,0.406,0.85,"lm.nb","Chemokines","NM_004887.4:1125"
"SPA17-mRNA",-0.114,0.136,-0.38,0.152,0.924,0.768,1.11,0.409,0.855,"lm.nb","CT Antigen","NM_017425.3:175"
"ITGB3-mRNA",0.28,0.338,-0.381,0.942,1.21,0.768,1.92,0.416,0.864,"lm.nb","Adhesion","NM_000212.2:4485"
"FCER1A-mRNA",-0.432,0.521,-1.45,0.589,0.741,0.365,1.5,0.416,0.864,"lm.nb","","NM_002001.2:114"
"IL4R-mRNA",-0.14,0.169,-0.471,0.191,0.908,0.721,1.14,0.418,0.864,"lm.nb","Cytokines, T-Cell Functions","NM_000418.2:705"
"C1QA-mRNA",-0.214,0.261,-0.726,0.297,0.862,0.605,1.23,0.421,0.869,"lm.nb","Complement","NM_015991.2:718"
"USP9Y-mRNA",-0.697,0.856,-2.38,0.981,0.617,0.193,1.97,0.426,0.875,"Wald","Cell Functions","NM_004654.3:85"
"NT5E-mRNA",-0.193,0.237,-0.658,0.273,0.875,0.634,1.21,0.427,0.875,"lm.nb","Transporter Functions","NM_002526.2:1214"
"CD9-mRNA",-0.21,0.26,-0.72,0.301,0.865,0.607,1.23,0.43,0.88,"lm.nb","","NM_001769.2:405"
"IL6-mRNA",0.633,0.789,-0.913,2.18,1.55,0.531,4.53,0.432,0.88,"lm.nb","Interleukins","NM_000600.1:220"
"TLR3-mRNA",-0.143,0.179,-0.494,0.208,0.906,0.71,1.15,0.434,0.882,"lm.nb","Microglial Functions, TLR","NM_003265.2:230"
"CCL3-mRNA",-0.368,0.463,-1.28,0.541,0.775,0.413,1.45,0.437,0.886,"lm.nb","Chemokines, Regulation","NM_002983.2:159"
"ATG5-mRNA",-0.0745,0.0944,-0.26,0.111,0.95,0.835,1.08,0.439,0.887,"lm.nb","","NM_004849.2:1104"
"CD97-mRNA",0.171,0.218,-0.256,0.598,1.13,0.837,1.51,0.442,0.889,"lm.nb","","NM_078481.2:1370"
"PNMA1-mRNA",0.135,0.172,-0.203,0.473,1.1,0.869,1.39,0.443,0.889,"lm.nb","","NM_006029.4:1565"
"TARP-mRNA",0.181,0.233,-0.275,0.637,1.13,0.826,1.56,0.446,0.894,"lm.nb","Cell Functions","NM_001003799.1:560"
"MAGEB2-mRNA",1.12,1.45,-1.73,3.97,2.18,0.302,15.7,0.449,0.894,"Wald","CT Antigen","NM_002364.4:1026"
"CD46-mRNA",0.143,0.186,-0.221,0.507,1.1,0.858,1.42,0.45,0.894,"lm.nb","","NM_172350.1:365"
"IL15RA-mRNA",-0.104,0.135,-0.37,0.161,0.93,0.774,1.12,0.45,0.894,"lm.nb","Chemokines","NM_002189.2:505"
"NFATC3-mRNA",-0.0798,0.104,-0.284,0.124,0.946,0.822,1.09,0.452,0.895,"lm.nb","Regulation","NM_004555.2:2190"
"LIF-mRNA",0.357,0.468,-0.561,1.27,1.28,0.678,2.42,0.455,0.899,"lm.nb","Cell Functions","NM_002309.3:1240"
"NFATC4-mRNA",-0.122,0.161,-0.437,0.193,0.919,0.739,1.14,0.458,0.899,"lm.nb","","NM_001136022.2:2296"
"FOS-mRNA",-0.457,0.603,-1.64,0.726,0.729,0.321,1.65,0.458,0.899,"lm.nb","","NM_005252.2:1475"
"SSX4-mRNA",1.11,1.48,-1.78,4.01,2.16,0.29,16.1,0.461,0.901,"Wald","CT Antigen","NM_005636.3:140"
"GZMB-mRNA",-0.229,0.306,-0.828,0.369,0.853,0.563,1.29,0.461,0.901,"lm.nb","Cell Functions, Cytotoxicity","NM_004131.3:540"
"CMKLR1-mRNA",-0.224,0.303,-0.818,0.37,0.856,0.567,1.29,0.469,0.91,"lm.nb","Chemokines","NM_004072.1:770"
"CASP1-mRNA",0.135,0.183,-0.223,0.493,1.1,0.857,1.41,0.469,0.91,"lm.nb","","NM_001223.3:971"
"CLEC5A-mRNA",-0.941,1.28,-3.44,1.56,0.521,0.0921,2.95,0.47,0.91,"Wald","","NM_013252.2:615"
"CDH5-mRNA",0.142,0.193,-0.238,0.521,1.1,0.848,1.43,0.473,0.913,"lm.nb","","NM_001795.3:3405"
"MAGEA3-mRNA",0.939,1.29,-1.59,3.47,1.92,0.332,11.1,0.476,0.913,"Wald","CT Antigen","NM_005362.3:849"
"IGF2R-mRNA",-0.0977,0.134,-0.361,0.166,0.935,0.779,1.12,0.476,0.913,"lm.nb","","NM_000876.1:2605"
"CCL1-mRNA",1.19,1.64,-2.04,4.41,2.28,0.244,21.3,0.479,0.915,"Wald","Chemokines","NM_002981.1:157"
"TNFRSF14-mRNA",-0.118,0.164,-0.44,0.204,0.921,0.737,1.15,0.48,0.915,"lm.nb","B-Cell Functions, Regulation, T-Cell Functions, TNF Superfamily","NM_003820.2:916"
"CCL14-mRNA",-0.31,0.431,-1.16,0.536,0.807,0.449,1.45,0.481,0.915,"lm.nb","Chemokines","NM_032963.3:274"
"HAMP-mRNA",-0.806,1.14,-3.03,1.42,0.572,0.122,2.67,0.486,0.923,"Wald","","NM_021175.2:99"
"MICA-mRNA",0.153,0.217,-0.273,0.58,1.11,0.828,1.49,0.488,0.925,"lm.nb","Regulation","NM_000247.1:550"
"LILRB3-mRNA",0.159,0.226,-0.285,0.602,1.12,0.821,1.52,0.491,0.925,"lm.nb","Regulation","NM_006864.2:2235"
"KIR_Activating_Subgroup_2-mRNA",1.2,1.71,-2.15,4.54,2.29,0.225,23.3,0.492,0.925,"Wald","Cell Functions, NK Cell Functions, Regulation","NM_014512.1:718"
"HLA-C-mRNA",-0.216,0.309,-0.822,0.39,0.861,0.566,1.31,0.493,0.925,"lm.nb","Antigen Processing, Cytotoxicity, Regulation","NM_002117.4:895"
"SBNO2-mRNA",-0.118,0.173,-0.457,0.221,0.921,0.729,1.17,0.503,0.941,"lm.nb","Macrophage Functions","NM_014963.2:2002"
"TNFSF8-mRNA",0.151,0.222,-0.284,0.586,1.11,0.821,1.5,0.505,0.942,"lm.nb","Cytokines, TNF Superfamily","NM_001244.3:518"
"NOTCH1-mRNA",0.0813,0.12,-0.154,0.316,1.06,0.899,1.25,0.506,0.942,"lm.nb","Regulation","NM_017617.3:735"
"MICB-mRNA",-0.132,0.196,-0.517,0.252,0.912,0.699,1.19,0.508,0.943,"lm.nb","Regulation","NM_005931.3:1387"
"DDX43-mRNA",0.214,0.32,-0.414,0.842,1.16,0.751,1.79,0.512,0.948,"lm.nb","CT Antigen","NM_018665.2:1255"
"EWSR1-mRNA",0.0643,0.0965,-0.125,0.253,1.05,0.917,1.19,0.513,0.948,"lm.nb","Cell Functions","NM_013986.3:452"
"CTSS-mRNA",-0.181,0.275,-0.72,0.358,0.882,0.607,1.28,0.518,0.955,"lm.nb","","NM_004079.3:685"
"MAGEC2-mRNA",0.982,1.5,-1.96,3.93,1.97,0.256,15.2,0.522,0.956,"Wald","CT Antigen","NM_016249.3:860"
"A2M-mRNA",-0.123,0.189,-0.493,0.248,0.919,0.711,1.19,0.524,0.956,"lm.nb","Chemokines","NM_000014.4:1685"
"IL6ST-mRNA",-0.153,0.236,-0.615,0.31,0.899,0.653,1.24,0.525,0.956,"lm.nb","Chemokines","NM_002184.2:2505"
"HLA-DQB1-mRNA",1.76,2.72,-3.57,7.08,3.38,0.0844,135,0.525,0.956,"loglinear","Antigen Processing","NM_002123.3:384"
"NOD2-mRNA",0.141,0.218,-0.287,0.568,1.1,0.82,1.48,0.526,0.956,"lm.nb","Cytokines","NM_022162.1:4080"
"SSX1-mRNA",0.954,1.49,-1.96,3.87,1.94,0.257,14.6,0.529,0.959,"Wald","CT Antigen","NM_005635.2:174"
"MCAM-mRNA",-0.234,0.366,-0.951,0.484,0.851,0.517,1.4,0.531,0.96,"lm.nb","Adhesion","NM_006500.2:1515"
"LGALS3-mRNA",-0.179,0.283,-0.733,0.375,0.884,0.602,1.3,0.535,0.963,"lm.nb","","NM_001177388.1:495"
"CDK1-mRNA",-0.112,0.179,-0.462,0.238,0.925,0.726,1.18,0.537,0.963,"lm.nb","","NM_001786.4:178"
"ANXA1-mRNA",0.135,0.216,-0.288,0.558,1.1,0.819,1.47,0.539,0.963,"lm.nb","Transporter Functions","NM_000700.1:515"
"HLA-G-mRNA",-0.165,0.265,-0.684,0.353,0.892,0.622,1.28,0.539,0.963,"lm.nb","Regulation","NM_002127.4:1180"
"DMBT1-mRNA",0.67,1.08,-1.44,2.78,1.59,0.369,6.87,0.541,0.963,"lm.nb","","NM_007329.2:3712"
"CCL3L1-mRNA",-0.296,0.475,-1.23,0.635,0.815,0.427,1.55,0.541,0.963,"lm.nb","Cytokines","NM_021006.4:421"
"TNFSF12-mRNA",-0.0849,0.137,-0.353,0.184,0.943,0.783,1.14,0.542,0.963,"lm.nb","Chemokines, TNF Superfamily","NM_003809.2:339"
"HLA-DQA1-mRNA",1.94,3.15,-4.23,8.12,3.84,0.0533,277,0.544,0.965,"loglinear","Antigen Processing","NM_002122.3:261"
"ICOS-mRNA",-0.189,0.309,-0.793,0.416,0.877,0.577,1.33,0.548,0.965,"lm.nb","Cell Functions","NM_012092.2:640"
"TREM1-mRNA",-0.209,0.341,-0.878,0.46,0.865,0.544,1.38,0.548,0.965,"lm.nb","","NM_018643.3:375"
"MAPK1-mRNA",0.0947,0.156,-0.211,0.4,1.07,0.864,1.32,0.55,0.966,"lm.nb","","NM_138957.2:430"
"IDO1-mRNA",0.188,0.311,-0.42,0.797,1.14,0.747,1.74,0.551,0.966,"lm.nb","Cytokines, T-Cell Functions","NM_002164.3:50"
"MRC1-mRNA",0.274,0.454,-0.616,1.16,1.21,0.652,2.24,0.553,0.966,"lm.nb","","NM_002438.2:525"
"RUNX3-mRNA",0.157,0.261,-0.355,0.669,1.12,0.782,1.59,0.554,0.966,"lm.nb","Regulation","NM_004350.1:2085"
"CEACAM6-mRNA",-0.428,0.714,-1.83,0.972,0.743,0.282,1.96,0.556,0.967,"lm.nb","Adhesion","NM_002483.4:1217"
"SERPINB2-mRNA",-0.542,0.907,-2.32,1.24,0.687,0.2,2.35,0.557,0.968,"Wald","Senescence","NM_002575.1:305"
"PRKCD-mRNA",0.124,0.21,-0.288,0.535,1.09,0.819,1.45,0.562,0.973,"lm.nb","Senescence","NM_006254.3:2165"
"C8G-mRNA",0.868,1.47,-2.02,3.76,1.83,0.246,13.5,0.563,0.973,"Wald","Complement","NM_000606.2:407"
"CD247-mRNA",-0.183,0.316,-0.802,0.435,0.881,0.574,1.35,0.568,0.979,"lm.nb","Regulation","NM_198053.1:1490"
"CD274-mRNA",0.119,0.208,-0.288,0.526,1.09,0.819,1.44,0.572,0.983,"lm.nb","B-Cell Functions, Cell Functions, T-Cell Functions","NM_014143.3:1245"
"CXCL9-mRNA",-0.268,0.473,-1.2,0.659,0.83,0.437,1.58,0.577,0.986,"lm.nb","Chemokines, Regulation, T-Cell Functions","NM_002416.1:1975"
"COLEC12-mRNA",0.198,0.35,-0.487,0.883,1.15,0.713,1.84,0.578,0.986,"lm.nb","","NM_130386.2:900"
"CEBPB-mRNA",-0.19,0.34,-0.856,0.476,0.877,0.553,1.39,0.582,0.986,"lm.nb","","NM_005194.2:1420"
"STAT3-mRNA",-0.0744,0.133,-0.335,0.186,0.95,0.793,1.14,0.582,0.986,"lm.nb","Chemokines, Regulation","NM_139276.2:4535"
"IFNA1-mRNA",1,1.8,-2.52,4.53,2,0.174,23.1,0.584,0.986,"Wald","Interleukins","NM_024013.1:585"
"SELL-mRNA",-0.224,0.404,-1.02,0.567,0.856,0.495,1.48,0.585,0.986,"lm.nb","Regulation","NR_029467.1:1585"
"IRF1-mRNA",-0.147,0.267,-0.672,0.377,0.903,0.628,1.3,0.587,0.986,"lm.nb","Chemokines, NK Cell Functions, Regulation, T-Cell Functions","NM_002198.1:510"
"CASP8-mRNA",-0.0766,0.139,-0.349,0.196,0.948,0.785,1.15,0.588,0.986,"lm.nb","","NM_001228.4:301"
"C3AR1-mRNA",-0.163,0.298,-0.748,0.422,0.893,0.596,1.34,0.591,0.986,"lm.nb","Regulation","NM_004054.2:415"
"NOD1-mRNA",-0.0785,0.144,-0.361,0.204,0.947,0.779,1.15,0.592,0.986,"lm.nb","","NM_006092.1:3285"
"BIRC5-mRNA",-0.135,0.248,-0.62,0.351,0.911,0.651,1.28,0.593,0.986,"lm.nb","Cell Cycle","NM_001168.2:1215"
"TNFRSF13C-mRNA",-0.324,0.598,-1.5,0.848,0.799,0.354,1.8,0.593,0.986,"lm.nb","Regulation, TNF Superfamily","NM_052945.3:789"
"LBP-mRNA",-0.955,1.76,-4.41,2.5,0.516,0.0471,5.65,0.594,0.986,"Wald","Macrophage Functions","NM_004139.2:792"
"CD5-mRNA",-0.217,0.401,-1,0.57,0.86,0.499,1.48,0.595,0.986,"lm.nb","B-Cell Functions, Regulation, T-Cell Functions","NM_014207.2:1295"
"CD6-mRNA",-0.143,0.266,-0.664,0.377,0.905,0.631,1.3,0.595,0.986,"lm.nb","Cell Functions","NM_006725.3:1280"
"IL1RAP-mRNA",-0.156,0.29,-0.724,0.413,0.898,0.605,1.33,0.598,0.986,"lm.nb","","NM_002182.2:460"
"ICOSLG-mRNA",0.117,0.218,-0.311,0.544,1.08,0.806,1.46,0.598,0.986,"lm.nb","Cell Functions, Regulation","NM_015259.4:1190"
"PIK3CG-mRNA",-0.105,0.198,-0.493,0.283,0.93,0.711,1.22,0.602,0.991,"lm.nb","","NM_002649.2:2125"
"TBK1-mRNA",-0.0577,0.11,-0.273,0.158,0.961,0.828,1.12,0.605,0.992,"lm.nb","","NM_013254.2:1610"
"STAT6-mRNA",-0.0582,0.111,-0.276,0.159,0.96,0.826,1.12,0.606,0.992,"lm.nb","Chemokines, Regulation, T-Cell Functions","NM_003153.3:2030"
"CD86-mRNA",0.101,0.196,-0.284,0.485,1.07,0.822,1.4,0.613,0.998,"lm.nb","B-Cell Functions, Macrophage Functions, Regulation, T-Cell Functions","NM_175862.3:1265"
"CD96-mRNA",-0.194,0.384,-0.947,0.558,0.874,0.519,1.47,0.618,0.998,"lm.nb","Regulation","NM_005816.4:1355"
"IL1R1-mRNA",-0.142,0.285,-0.7,0.417,0.906,0.615,1.34,0.625,0.998,"lm.nb","","NM_000877.2:4295"
"CD80-mRNA",-0.119,0.242,-0.592,0.355,0.921,0.663,1.28,0.628,0.998,"lm.nb","B-Cell Functions, Macrophage Functions, Regulation, T-Cell Functions","NM_005191.3:1288"
"PTGDR2-mRNA",1.11,2.27,-3.34,5.55,2.15,0.0988,46.9,0.631,0.998,"Wald","Cell Functions","NM_004778.1:1835"
"IRGM-mRNA",0.747,1.53,-2.26,3.75,1.68,0.209,13.5,0.632,0.998,"Wald","","NM_001145805.1:1412"
"CD34-mRNA",0.111,0.23,-0.34,0.562,1.08,0.79,1.48,0.634,0.998,"lm.nb","Regulation","NM_001025109.1:1580"
"CCL18-mRNA",-0.257,0.535,-1.31,0.792,0.837,0.405,1.73,0.636,0.998,"lm.nb","Chemokines","NM_002988.2:585"
"C1QB-mRNA",-0.129,0.27,-0.658,0.399,0.914,0.634,1.32,0.637,0.998,"lm.nb","Complement","NM_000491.3:819"
"JAM3-mRNA",-0.0863,0.182,-0.444,0.271,0.942,0.735,1.21,0.641,0.998,"lm.nb","","NM_032801.3:890"
"THBD-mRNA",0.156,0.331,-0.494,0.805,1.11,0.71,1.75,0.644,0.998,"lm.nb","Leukocyte Functions","NM_000361.2:1246"
"KLRD1-mRNA",0.645,1.38,-2.06,3.35,1.56,0.24,10.2,0.645,0.998,"Wald","NK Cell Functions, Regulation","NM_002262.3:542"
"IL3RA-mRNA",-1.07,2.31,-5.59,3.46,0.477,0.0207,11,0.649,0.998,"Wald","Cell Functions","NM_002183.2:745"
"BMI1-mRNA",-0.0819,0.177,-0.429,0.266,0.945,0.743,1.2,0.649,0.998,"lm.nb","","NM_005180.5:1145"
"MAP4K2-mRNA",-0.0725,0.158,-0.382,0.237,0.951,0.767,1.18,0.652,0.998,"lm.nb","","NM_004579.2:1610"
"BCL2L1-mRNA",0.0864,0.19,-0.285,0.458,1.06,0.82,1.37,0.654,0.998,"lm.nb","","NM_001191.2:260"
"IL24-mRNA",0.858,1.9,-2.87,4.59,1.81,0.136,24.1,0.657,0.998,"Wald","Cytokines, Interleukins","NM_181339.1:1016"
"CD200-mRNA",-0.13,0.29,-0.698,0.438,0.914,0.616,1.35,0.659,0.998,"lm.nb","Regulation","NM_005944.5:665"
"RPS6-mRNA",0.0648,0.145,-0.219,0.349,1.05,0.859,1.27,0.659,0.998,"lm.nb","Cell Functions","NM_001010.2:171"
"TNFRSF4-mRNA",-0.908,2.04,-4.9,3.09,0.533,0.0335,8.49,0.661,0.998,"Wald","TNF Superfamily","NM_003327.2:200"
"TNFSF11-mRNA",-0.882,1.98,-4.76,3,0.543,0.0369,7.99,0.661,0.998,"Wald","TNF Superfamily, Transporter Functions","NM_003701.2:490"
"CXCR5-mRNA",-0.66,1.48,-3.56,2.24,0.633,0.0847,4.73,0.661,0.998,"Wald","B-Cell Functions, Chemokines, T-Cell Functions","NM_001716.3:2618"
"IL7R-mRNA",0.168,0.378,-0.573,0.91,1.12,0.672,1.88,0.661,0.998,"lm.nb","Cytokines","NM_002185.2:1610"
"CD3E-mRNA",0.168,0.381,-0.579,0.916,1.12,0.669,1.89,0.664,0.998,"lm.nb","B-Cell Functions, Cell Functions, T-Cell Functions","NM_000733.2:75"
"CD36-mRNA",-0.155,0.353,-0.848,0.538,0.898,0.556,1.45,0.665,0.998,"lm.nb","Transporter Functions","NM_001001548.2:705"
"TFRC-mRNA",-0.12,0.273,-0.655,0.416,0.92,0.635,1.33,0.666,0.998,"lm.nb","","NM_003234.1:1220"
"SPANXB1-mRNA",0.587,1.34,-2.04,3.22,1.5,0.243,9.29,0.666,0.998,"Wald","CT Antigen","NM_032461.2:321"
"MERTK-mRNA",0.123,0.282,-0.429,0.675,1.09,0.743,1.6,0.667,0.998,"lm.nb","Transporter Functions","NM_006343.2:665"
"NFKBIA-mRNA",0.104,0.239,-0.364,0.572,1.07,0.777,1.49,0.667,0.998,"lm.nb","","NM_020529.1:945"
"BST1-mRNA",0.0908,0.208,-0.318,0.499,1.06,0.802,1.41,0.668,0.998,"lm.nb","","NM_004334.2:710"
"LTBR-mRNA",0.0508,0.118,-0.181,0.282,1.04,0.882,1.22,0.672,0.998,"lm.nb","Chemokines","NM_002342.1:1435"
"CD163-mRNA",0.17,0.399,-0.612,0.952,1.13,0.654,1.93,0.675,0.998,"lm.nb","Transporter Functions","NM_004244.4:1630"
"PPBP-mRNA",0.433,1.02,-1.57,2.44,1.35,0.336,5.42,0.677,0.998,"Wald","Chemokines","NM_002704.2:330"
"KIR3DL3-mRNA",0.64,1.52,-2.34,3.62,1.56,0.197,12.3,0.679,0.998,"Wald","","NM_153443.3:539"
"CCL8-mRNA",0.132,0.318,-0.491,0.756,1.1,0.711,1.69,0.682,0.998,"lm.nb","Chemokines, Regulation","NM_005623.2:689"
"CTAGE1-mRNA",0.73,1.76,-2.72,4.18,1.66,0.152,18.1,0.683,0.998,"Wald","CT Antigen","NM_172241.2:3365"
"SMPD3-mRNA",0.617,1.49,-2.3,3.54,1.53,0.203,11.6,0.683,0.998,"Wald","Cell Functions","NM_018667.3:4733"
"IL13RA2-mRNA",0.918,2.22,-3.43,5.27,1.89,0.0927,38.5,0.684,0.998,"Wald","Chemokines, T-Cell Functions","NM_000640.2:400"
"TXNIP-mRNA",0.105,0.256,-0.397,0.607,1.08,0.759,1.52,0.687,0.998,"lm.nb","","NM_006472.1:255"
"IL1RAPL2-mRNA",0.807,1.98,-3.08,4.69,1.75,0.118,25.9,0.689,0.998,"Wald","","NM_017416.1:1800"
"CD24-mRNA",0.181,0.447,-0.694,1.06,1.13,0.618,2.08,0.69,0.998,"lm.nb","","NM_013230.2:95"
"ITGAE-mRNA",0.0613,0.152,-0.237,0.36,1.04,0.849,1.28,0.691,0.998,"lm.nb","Adhesion","NM_002208.4:3405"
"DEFB1-mRNA",0.494,1.23,-1.91,2.9,1.41,0.266,7.46,0.692,0.998,"Wald","","NM_005218.3:40"
"EGR1-mRNA",0.223,0.563,-0.88,1.33,1.17,0.543,2.51,0.696,0.998,"lm.nb","Senescence, T-Cell Functions","NM_001964.2:1505"
"TIRAP-mRNA",-0.0508,0.128,-0.302,0.2,0.965,0.811,1.15,0.696,0.998,"lm.nb","","NM_148910.2:661"
"PSEN1-mRNA",0.0536,0.136,-0.213,0.321,1.04,0.862,1.25,0.698,0.998,"lm.nb","Cell Functions","NM_000021.2:900"
"SH2D1B-mRNA",0.63,1.6,-2.51,3.77,1.55,0.175,13.7,0.699,0.998,"Wald","Leukocyte Functions","NM_053282.4:545"
"TNFSF14-mRNA",-0.114,0.292,-0.687,0.459,0.924,0.621,1.37,0.701,0.998,"lm.nb","Cytokines, Regulation, T-Cell Functions, TNF Superfamily","NM_003807.3:612"
"CEACAM8-mRNA",0.709,1.83,-2.87,4.29,1.63,0.137,19.5,0.702,0.998,"Wald","Adhesion, Chemokines","NM_001816.3:825"
"TMEFF2-mRNA",0.788,2.07,-3.27,4.85,1.73,0.103,28.8,0.708,0.998,"Wald","CT Antigen","NM_016192.2:972"
"CD3D-mRNA",-0.138,0.366,-0.855,0.58,0.909,0.553,1.49,0.711,0.998,"lm.nb","Regulation","NM_000732.4:110"
"ETS1-mRNA",-0.0955,0.255,-0.595,0.404,0.936,0.662,1.32,0.712,0.998,"lm.nb","Senescence","NM_005238.3:4625"
"CSF1-mRNA",-0.0643,0.173,-0.403,0.274,0.956,0.756,1.21,0.714,0.998,"lm.nb","","NM_000757.4:823"
"JAK2-mRNA",0.0677,0.183,-0.29,0.426,1.05,0.818,1.34,0.715,0.998,"lm.nb","Cytokines, Regulation","NM_004972.2:455"
"MAGEC1-mRNA",0.525,1.42,-2.26,3.31,1.44,0.209,9.92,0.716,0.998,"Wald","CT Antigen","NM_005462.4:2920"
"SPO11-mRNA",0.783,2.16,-3.44,5.01,1.72,0.0919,32.2,0.72,0.998,"Wald","CT Antigen","NM_198265.1:492"
"BTK-mRNA",-0.089,0.25,-0.579,0.401,0.94,0.669,1.32,0.726,0.998,"lm.nb","","NM_000061.1:570"
"DUSP4-mRNA",0.1,0.284,-0.457,0.658,1.07,0.728,1.58,0.728,0.998,"lm.nb","","NM_057158.2:3115"
"IL26-mRNA",0.749,2.12,-3.41,4.91,1.68,0.0939,30.1,0.728,0.998,"Wald","Cytokines, Interleukins","NM_018402.1:80"
"CMA1-mRNA",-0.352,1.01,-2.32,1.62,0.784,0.2,3.08,0.731,0.998,"Wald","Regulation","NM_001836.2:561"
"FOXP3-mRNA",-0.703,2.01,-4.65,3.24,0.615,0.0399,9.47,0.731,0.998,"Wald","Cytokines, T-Cell Functions","NM_014009.3:1230"
"PAX5-mRNA",-0.57,1.66,-3.81,2.67,0.674,0.0711,6.38,0.734,0.998,"Wald","","NM_016734.1:2288"
"PRAME-mRNA",0.57,1.66,-2.68,3.82,1.48,0.156,14.1,0.735,0.998,"Wald","CT Antigen","NM_006115.3:1390"
"C5-mRNA",0.768,2.26,-3.67,5.2,1.7,0.0786,36.9,0.738,0.998,"Wald","Complement","NM_001735.2:2592"
"TICAM1-mRNA",-0.0647,0.192,-0.441,0.311,0.956,0.737,1.24,0.739,0.998,"lm.nb","Macrophage Functions","NM_014261.1:518"
"RELA-mRNA",-0.0333,0.0994,-0.228,0.161,0.977,0.854,1.12,0.741,0.998,"loglinear","","NM_021975.2:360"
"EGR2-mRNA",-0.183,0.548,-1.26,0.891,0.881,0.419,1.85,0.742,0.998,"lm.nb","Regulation","NM_000399.3:1891"
"KLRK1-mRNA",0.0852,0.26,-0.425,0.595,1.06,0.745,1.51,0.747,0.998,"lm.nb","NK Cell Functions, Regulation","NM_007360.3:522"
"ATG7-mRNA",0.0266,0.0817,-0.134,0.187,1.02,0.912,1.14,0.748,0.998,"loglinear","Transporter Functions","NM_001136031.2:810"
"TNFAIP3-mRNA",0.0844,0.259,-0.424,0.593,1.06,0.745,1.51,0.748,0.998,"lm.nb","TNF Superfamily","NM_006290.2:260"
"CD99-mRNA",0.054,0.166,-0.271,0.379,1.04,0.828,1.3,0.748,0.998,"lm.nb","","NM_002414.3:625"
"PRM1-mRNA",0.694,2.13,-3.49,4.87,1.62,0.0892,29.3,0.748,0.998,"Wald","CT Antigen","NM_002761.2:319"
"ARG1-mRNA",0.79,2.44,-3.99,5.57,1.73,0.063,47.5,0.749,0.998,"Wald","","NM_000045.2:505"
"SPN-mRNA",-0.0767,0.237,-0.541,0.388,0.948,0.687,1.31,0.749,0.998,"lm.nb","Regulation","NM_003123.3:2345"
"IL3-mRNA",0.609,1.89,-3.09,4.31,1.52,0.117,19.8,0.751,0.998,"Wald","Regulation, T-Cell Functions","NM_000588.3:130"
"LILRA1-mRNA",0.55,1.73,-2.84,3.94,1.46,0.139,15.4,0.754,0.998,"Wald","Regulation","NM_006863.1:1719"
"CCL26-mRNA",-0.823,2.6,-5.92,4.27,0.565,0.0165,19.3,0.755,0.998,"Wald","Chemokines","NM_006072.4:184"
"TLR9-mRNA",-0.477,1.54,-3.49,2.53,0.718,0.0892,5.78,0.759,0.998,"Wald","TLR","NM_017442.2:985"
"POU2F2-mRNA",-0.542,1.81,-4.09,3,0.687,0.0589,8,0.767,0.998,"Wald","","NM_002698.2:908"
"CD160-mRNA",0.599,2,-3.32,4.52,1.51,0.1,22.9,0.768,0.998,"Wald","Regulation","NM_007053.2:500"
"CLEC6A-mRNA",0.652,2.21,-3.69,4.99,1.57,0.0775,31.8,0.772,0.998,"Wald","","NM_001007033.1:342"
"CD81-mRNA",-0.0534,0.183,-0.412,0.305,0.964,0.751,1.24,0.773,0.998,"lm.nb","Regulation","NM_004356.3:735"
"MAGEA1-mRNA",0.413,1.42,-2.37,3.19,1.33,0.194,9.13,0.774,0.998,"Wald","CT Antigen","NM_004988.4:476"
"SMAD3-mRNA",-0.0532,0.184,-0.415,0.308,0.964,0.75,1.24,0.776,0.998,"lm.nb","Regulation","NM_005902.3:4220"
"IFNA8-mRNA",0.65,2.27,-3.79,5.09,1.57,0.0723,34.1,0.777,0.998,"Wald","Interleukins","NM_002170.3:604"
"IRF3-mRNA",-0.0485,0.17,-0.381,0.284,0.967,0.768,1.22,0.778,0.998,"lm.nb","","NM_001571.5:1303"
"IFNB1-mRNA",0.627,2.23,-3.73,4.99,1.54,0.0751,31.8,0.781,0.998,"Wald","","NM_002176.2:610"
"SH2D1A-mRNA",-0.482,1.74,-3.89,2.92,0.716,0.0676,7.58,0.784,0.998,"Wald","","NM_001114937.2:495"
"TPTE-mRNA",0.804,2.9,-4.88,6.49,1.75,0.034,89.7,0.785,0.998,"Wald","CT Antigen","NM_199259.2:142"
"MPPED1-mRNA",0.587,2.12,-3.57,4.74,1.5,0.0845,26.7,0.785,0.998,"Wald","Cell Functions","NM_001044370.1:1486"
"FLT3LG-mRNA",0.0461,0.171,-0.29,0.382,1.03,0.818,1.3,0.79,0.998,"lm.nb","Cytokines","NM_001459.3:360"
"IFNL2-mRNA",0.438,1.64,-2.77,3.65,1.35,0.147,12.5,0.792,0.998,"Wald","Chemokines","NM_172138.1:589"
"CCL11-mRNA",0.1,0.379,-0.642,0.843,1.07,0.641,1.79,0.794,0.998,"lm.nb","Chemokines","NM_002986.2:378"
"POU2AF1-mRNA",0.337,1.28,-2.16,2.84,1.26,0.223,7.15,0.795,0.998,"Wald","","NM_006235.2:1675"
"CXCL11-mRNA",-0.0946,0.359,-0.799,0.61,0.937,0.575,1.53,0.795,0.998,"lm.nb","Chemokines, NK Cell Functions, T-Cell Functions","NM_005409.4:282"
"GNLY-mRNA",0.492,1.87,-3.17,4.15,1.41,0.111,17.8,0.795,0.998,"Wald","Cytotoxicity, Pathogen Defense","NM_006433.2:305"
"PDGFC-mRNA",-0.0713,0.273,-0.607,0.465,0.952,0.656,1.38,0.797,0.998,"lm.nb","Cell Functions","NM_016205.2:1632"
"IL5-mRNA",0.64,2.48,-4.22,5.5,1.56,0.0535,45.4,0.799,0.998,"Wald","Cytokines, Interleukins, Regulation, T-Cell Functions","NM_000879.2:105"
"IL1RL2-mRNA",0.686,2.66,-4.53,5.91,1.61,0.0432,59.9,0.799,0.998,"Wald","","NM_003854.2:595"
"SELE-mRNA",0.493,1.91,-3.26,4.25,1.41,0.105,19,0.799,0.998,"Wald","Regulation","NM_000450.2:1505"
"CD1D-mRNA",-0.575,2.23,-4.95,3.8,0.671,0.0323,14,0.799,0.998,"Wald","B-Cell Functions, Cell Functions, T-Cell Functions","NM_001766.3:1428"
"ARG2-mRNA",0.69,2.74,-4.68,6.06,1.61,0.039,66.6,0.804,0.998,"Wald","","NM_001172.3:1150"
"VEGFC-mRNA",0.0489,0.198,-0.34,0.437,1.03,0.79,1.35,0.808,0.998,"lm.nb","","NM_005429.2:565"
"CD8B-mRNA",0.687,2.84,-4.87,6.25,1.61,0.0341,76,0.811,0.998,"Wald","Regulation, T-Cell Functions","NM_004931.3:440"
"OSM-mRNA",-0.39,1.61,-3.55,2.77,0.763,0.0854,6.82,0.812,0.998,"Wald","Cell Functions","NM_020530.4:580"
"CTSW-mRNA",0.371,1.58,-2.72,3.47,1.29,0.151,11,0.817,0.998,"Wald","Transporter Functions","NM_001335.3:1075"
"IFNG-mRNA",0.608,2.59,-4.46,5.68,1.52,0.0454,51.2,0.817,0.998,"Wald","Cytokines, Interleukins, Leukocyte Functions, Macrophage Functions, NK Cell Functions, T-Cell Functions","NM_000619.2:970"
"BID-mRNA",-0.694,2.99,-6.56,5.17,0.618,0.0106,36.1,0.819,0.998,"Wald","Cell Cycle, Regulation","NM_001196.2:1875"
"CD28-mRNA",-0.486,2.15,-4.7,3.72,0.714,0.0386,13.2,0.823,0.998,"Wald","","NM_001243078.1:2065"
"TNFRSF17-mRNA",-0.128,0.572,-1.25,0.992,0.915,0.421,1.99,0.825,0.998,"lm.nb","Cell Functions, TNF Superfamily","NM_001192.2:635"
"CD3G-mRNA",0.375,1.68,-2.91,3.66,1.3,0.133,12.7,0.825,0.998,"Wald","Regulation, T-Cell Functions","NM_000073.2:404"
"IL21-mRNA",0.505,2.28,-3.96,4.97,1.42,0.0644,31.3,0.827,0.998,"Wald","Cytokines, Interleukins","NM_021803.2:65"
"GAGE1-mRNA",0.575,2.59,-4.51,5.66,1.49,0.044,50.4,0.827,0.998,"Wald","CT Antigen","NM_001040663.2:1642"
"F12-mRNA",0.411,1.86,-3.24,4.06,1.33,0.106,16.7,0.828,0.998,"Wald","","NM_000505.3:1862"
"ITK-mRNA",0.066,0.304,-0.53,0.662,1.05,0.692,1.58,0.831,0.998,"lm.nb","","NM_005546.3:3430"
"IL17RB-mRNA",0.418,1.93,-3.36,4.2,1.34,0.0974,18.3,0.831,0.998,"Wald","Chemokines","NM_018725.3:225"
"ITGB4-mRNA",0.0746,0.346,-0.603,0.752,1.05,0.658,1.68,0.831,0.998,"lm.nb","Adhesion","NM_001005731.1:4151"
"CCR3-mRNA",0.374,1.74,-3.03,3.78,1.3,0.123,13.7,0.832,0.998,"Wald","Chemokines","NM_001837.2:980"
"NEFL-mRNA",0.488,2.33,-4.08,5.06,1.4,0.059,33.3,0.837,0.998,"Wald","Cell Functions","NM_006158.3:3300"
"CARD9-mRNA",-0.548,2.64,-5.72,4.62,0.684,0.019,24.6,0.838,0.998,"Wald","","NM_052813.4:1525"
"MNX1-mRNA",0.306,1.48,-2.59,3.2,1.24,0.166,9.18,0.838,0.998,"Wald","","NM_005515.3:1680"
"TFEB-mRNA",0.0349,0.17,-0.298,0.368,1.02,0.813,1.29,0.839,0.998,"lm.nb","","NM_007162.2:2026"
"KLRG1-mRNA",-0.301,1.49,-3.23,2.63,0.812,0.107,6.18,0.842,0.998,"Wald","NK Cell Functions, Regulation","NM_005810.3:65"
"CD33-mRNA",-0.495,2.47,-5.33,4.34,0.71,0.0249,20.3,0.843,0.998,"Wald","","NM_001177608.1:730"
"ROPN1-mRNA",0.467,2.34,-4.13,5.06,1.38,0.0573,33.4,0.844,0.998,"Wald","CT Antigen","NM_017578.2:195"
"CTCFL-mRNA",0.355,1.81,-3.2,3.91,1.28,0.109,15,0.847,0.998,"Wald","CT Antigen","NM_001269042.1:1100"
"IL5RA-mRNA",0.516,2.65,-4.68,5.71,1.43,0.039,52.5,0.848,0.998,"Wald","Cytokines","NM_000564.3:210"
"IL22-mRNA",0.388,2,-3.54,4.32,1.31,0.0859,19.9,0.849,0.998,"Wald","Cytokines","NM_020525.4:319"
"PRF1-mRNA",0.0427,0.221,-0.391,0.477,1.03,0.762,1.39,0.849,0.998,"lm.nb","Cytotoxicity, Pathogen Defense","NM_005041.3:2120"
"IL23R-mRNA",0.491,2.56,-4.52,5.51,1.41,0.0434,45.5,0.85,0.998,"Wald","Cytokines","NM_144701.2:710"
"KIR3DL2-mRNA",-0.326,1.73,-3.72,3.07,0.798,0.0757,8.41,0.853,0.998,"Wald","NK Cell Functions, Regulation","NM_006737.2:884"
"LTF-mRNA",-0.163,0.871,-1.87,1.54,0.893,0.274,2.92,0.853,0.998,"lm.nb","","NM_002343.2:590"
"RRAD-mRNA",0.282,1.55,-2.75,3.32,1.22,0.148,9.96,0.857,0.998,"Wald","Cell Functions","NM_004165.1:960"
"MBL2-mRNA",-0.343,1.89,-4.04,3.36,0.789,0.0607,10.2,0.858,0.998,"Wald","","NM_000242.2:1756"
"IL13-mRNA",0.356,2,-3.57,4.28,1.28,0.0841,19.5,0.861,0.998,"Wald","Cytokines, Interleukins, T-Cell Functions","NM_002188.2:516"
"ZNF205-mRNA",0.508,2.87,-5.11,6.13,1.42,0.029,69.8,0.861,0.998,"Wald","Cell Functions","NM_001031686.1:573"
"LAMP1-mRNA",0.0223,0.126,-0.225,0.27,1.02,0.855,1.21,0.862,0.998,"lm.nb","Transporter Functions","NM_005561.3:2070"
"IL17F-mRNA",-0.362,2.13,-4.55,3.82,0.778,0.0428,14.1,0.867,0.998,"Wald","Interleukins","NM_052872.3:210"
"CTSG-mRNA",-0.217,1.28,-2.73,2.3,0.86,0.151,4.92,0.868,0.998,"Wald","Pathogen Defense, Regulation","NM_001911.2:160"
"CLU-mRNA",0.402,2.39,-4.28,5.09,1.32,0.0514,34,0.868,0.998,"Wald","","NM_001831.2:2340"
"CCL28-mRNA",0.107,0.636,-1.14,1.35,1.08,0.454,2.56,0.868,0.998,"lm.nb","Chemokines","NM_148672.2:100"
"CXCR1-mRNA",0.381,2.3,-4.13,4.89,1.3,0.0573,29.6,0.87,0.998,"Wald","Chemokines, Regulation","NM_000634.2:1950"
"IL12B-mRNA",0.424,2.57,-4.62,5.47,1.34,0.0407,44.3,0.871,0.998,"Wald","Cytokines, Interleukins, NK Cell Functions, T-Cell Functions","NM_002187.2:1435"
"TNFRSF18-mRNA",-0.39,2.38,-5.05,4.27,0.763,0.0303,19.2,0.871,0.998,"Wald","TNF Superfamily","NM_004195.2:445"
"C8A-mRNA",0.381,2.32,-4.16,4.93,1.3,0.0558,30.4,0.871,0.998,"Wald","Complement","NM_000562.2:690"
"AXL-mRNA",0.0337,0.205,-0.369,0.436,1.02,0.774,1.35,0.871,0.998,"lm.nb","","NM_021913.2:2190"
"CTSH-mRNA",-0.0488,0.299,-0.634,0.537,0.967,0.644,1.45,0.872,0.998,"lm.nb","","NM_004390.3:344"
"ITGA2B-mRNA",0.421,2.58,-4.63,5.47,1.34,0.0403,44.4,0.872,0.998,"Wald","Adhesion","NM_000419.3:740"
"LTK-mRNA",0.447,2.75,-4.95,5.85,1.36,0.0323,57.5,0.873,0.998,"Wald","Cell Functions","NM_001135685.1:2418"
"FOXJ1-mRNA",0.401,2.48,-4.46,5.27,1.32,0.0454,38.5,0.873,0.998,"Wald","","NM_001454.3:815"
"LAG3-mRNA",0.282,1.76,-3.16,3.73,1.22,0.112,13.2,0.874,0.998,"Wald","Regulation, T-Cell Functions","NM_002286.5:1735"
"CCL4-mRNA",-0.0615,0.39,-0.827,0.704,0.958,0.564,1.63,0.876,0.998,"lm.nb","Chemokines, Regulation","NM_002984.2:35"
"LAIR2-mRNA",0.0594,0.384,-0.694,0.813,1.04,0.618,1.76,0.879,0.998,"lm.nb","Cell Functions","NM_002288.3:524"
"CCL16-mRNA",0.341,2.2,-3.98,4.66,1.27,0.0634,25.3,0.879,0.998,"Wald","Chemokines, Regulation","NM_004590.2:367"
"PSMD7-mRNA",0.0146,0.096,-0.174,0.203,1.01,0.887,1.15,0.881,0.998,"lm.nb","","NM_002811.3:580"
"BATF-mRNA",-0.378,2.49,-5.26,4.51,0.769,0.026,22.7,0.881,0.998,"Wald","Cell Functions","NM_006399.3:293"
"IL1R2-mRNA",0.0833,0.565,-1.02,1.19,1.06,0.492,2.28,0.884,0.998,"lm.nb","Cytokines","NM_173343.1:113"
"ATG12-mRNA",0.321,2.2,-3.99,4.63,1.25,0.063,24.8,0.885,0.998,"Wald","","NM_004707.2:25"
"CD70-mRNA",0.272,1.89,-3.43,3.98,1.21,0.0926,15.8,0.887,0.998,"Wald","B-Cell Functions, Cell Functions, Cytokines, T-Cell Functions, TNF Superfamily","NM_001252.2:190"
"ATF1-mRNA",0.0233,0.162,-0.295,0.342,1.02,0.815,1.27,0.888,0.998,"lm.nb","","NM_005171.2:710"
"PSMB7-mRNA",-0.0112,0.0785,-0.165,0.143,0.992,0.892,1.1,0.888,0.998,"loglinear","Antigen Processing","NM_002799.2:420"
"CDH1-mRNA",-0.039,0.275,-0.578,0.5,0.973,0.67,1.41,0.889,0.998,"lm.nb","Regulation","NM_004360.2:535"
"TAB1-mRNA",0.0181,0.127,-0.232,0.268,1.01,0.852,1.2,0.889,0.998,"lm.nb","","NM_153497.2:614"
"ISG20-mRNA",0.0398,0.282,-0.514,0.593,1.03,0.701,1.51,0.889,0.998,"lm.nb","","NM_002201.4:358"
"IL11-mRNA",-0.283,2.1,-4.39,3.83,0.822,0.0475,14.2,0.894,0.998,"Wald","B-Cell Functions, Cytokines, Interleukins, T-Cell Functions","NM_000641.2:1145"
"IFNL1-mRNA",0.313,2.34,-4.27,4.9,1.24,0.0519,29.8,0.895,0.998,"Wald","Cytokines, Interleukins","NM_172140.1:233"
"CD207-mRNA",0.372,2.81,-5.14,5.88,1.29,0.0284,58.9,0.896,0.998,"Wald","","NM_015717.2:995"
"MR1-mRNA",0.0223,0.169,-0.309,0.353,1.02,0.807,1.28,0.896,0.998,"lm.nb","Antigen Processing","NM_001531.2:7695"
"KIR3DL1-mRNA",-0.372,2.9,-6.05,5.31,0.772,0.0151,39.6,0.899,0.998,"Wald","NK Cell Functions, Regulation","NM_013289.2:1691"
"CCL15-mRNA",0.275,2.15,-3.94,4.49,1.21,0.065,22.5,0.9,0.998,"Wald","Chemokines","NM_032965.3:112"
"C9-mRNA",0.265,2.13,-3.91,4.44,1.2,0.0664,21.7,0.902,0.998,"Wald","Complement","NM_001737.3:602"
"LTA-mRNA",-0.317,2.56,-5.33,4.7,0.803,0.0248,26,0.903,0.998,"Wald","Chemokines","NM_000595.2:885"
"IKBKB-mRNA",0.0202,0.163,-0.3,0.341,1.01,0.812,1.27,0.903,0.998,"lm.nb","","NM_001556.1:1995"
"GZMM-mRNA",0.261,2.11,-3.88,4.4,1.2,0.068,21.1,0.903,0.998,"Wald","Cell Functions, Cytotoxicity","NM_005317.2:669"
"IL15-mRNA",-0.0178,0.145,-0.302,0.266,0.988,0.811,1.2,0.904,0.998,"lm.nb","Interleukins, Regulation","NM_172174.1:1685"
"S100B-mRNA",0.0591,0.488,-0.897,1.02,1.04,0.537,2.02,0.905,0.998,"lm.nb","","NM_006272.1:85"
"TLR2-mRNA",-0.0348,0.292,-0.607,0.537,0.976,0.657,1.45,0.906,0.998,"lm.nb","TLR","NM_003264.3:180"
"EOMES-mRNA",0.254,2.15,-3.96,4.47,1.19,0.0643,22.1,0.907,0.998,"Wald","T-Cell Functions","NM_005442.2:1670"
"SOCS1-mRNA",0.0303,0.257,-0.473,0.533,1.02,0.721,1.45,0.907,0.998,"lm.nb","B-Cell Functions, Cell Functions, T-Cell Functions","NM_003745.1:1025"
"IL34-mRNA",-0.239,2.04,-4.24,3.76,0.847,0.053,13.5,0.908,0.998,"Wald","Interleukins","NM_152456.1:860"
"MEFV-mRNA",0.248,2.12,-3.9,4.4,1.19,0.0668,21.1,0.908,0.998,"Wald","","NM_000243.2:1162"
"MASP1-mRNA",0.267,2.3,-4.24,4.77,1.2,0.053,27.4,0.909,0.998,"Wald","","NM_139125.3:35"
"CFP-mRNA",-0.216,1.91,-3.96,3.53,0.861,0.0641,11.6,0.911,0.998,"Wald","","NM_002621.2:380"
"CCL17-mRNA",0.0869,0.776,-1.43,1.61,1.06,0.37,3.05,0.912,0.998,"lm.nb","Chemokines","NM_002987.2:229"
"CCL2-mRNA",0.0498,0.449,-0.83,0.929,1.04,0.563,1.9,0.913,0.998,"lm.nb","Chemokines","NM_002982.3:123"
"VEGFA-mRNA",-0.0373,0.34,-0.704,0.63,0.974,0.614,1.55,0.914,0.998,"lm.nb","Cytokines, Leukocyte Functions","NM_001025366.1:1325"
"TFE3-mRNA",0.427,3.89,-7.2,8.06,1.34,0.00679,266,0.914,0.998,"Wald","","NM_006521.3:2935"
"TNFRSF9-mRNA",-0.321,2.94,-6.08,5.44,0.801,0.0148,43.3,0.914,0.998,"Wald","TNF Superfamily","NM_001561.4:255"
"CCRL2-mRNA",0.0169,0.156,-0.289,0.322,1.01,0.819,1.25,0.915,0.998,"lm.nb","Chemokines","NM_003965.4:1110"
"BAGE-mRNA",0.368,3.4,-6.3,7.04,1.29,0.0127,132,0.915,0.998,"Wald","CT Antigen","NM_001187.1:399"
"CXCR3-mRNA",-0.29,2.71,-5.61,5.03,0.818,0.0205,32.7,0.916,0.998,"Wald","Chemokines, NK Cell Functions, T-Cell Functions","NM_001504.1:80"
"IL21R-mRNA",-0.21,2.04,-4.21,3.79,0.864,0.0539,13.9,0.919,0.998,"Wald","Cell Functions","NM_021798.2:2080"
"CXCL10-mRNA",-0.0399,0.389,-0.802,0.723,0.973,0.573,1.65,0.919,0.998,"lm.nb","Chemokines, Cytokines, Pathogen Defense, Regulation, T-Cell Functions","NM_001565.1:40"
"IL7-mRNA",-0.676,6.65,-13.7,12.4,0.626,7.41e-05,5280,0.92,0.998,"Wald","Interleukins","NM_000880.2:38"
"SYCP1-mRNA",0.283,2.81,-5.23,5.8,1.22,0.0267,55.6,0.921,0.998,"Wald","CT Antigen","NM_003176.2:230"
"SYT17-mRNA",0.264,2.64,-4.91,5.44,1.2,0.0333,43.3,0.921,0.998,"Wald","Cell Functions","NM_016524.2:1150"
"CCR1-mRNA",0.227,2.29,-4.27,4.72,1.17,0.0518,26.4,0.922,0.998,"Wald","Chemokines, Cytokines, NK Cell Functions, Regulation, T-Cell Functions","NM_001295.2:535"
"LAMP3-mRNA",-0.0273,0.277,-0.57,0.515,0.981,0.674,1.43,0.922,0.998,"lm.nb","Cell Functions","NM_014398.3:1400"
"KLRF1-mRNA",0.228,2.32,-4.33,4.78,1.17,0.0498,27.5,0.923,0.998,"Wald","Cell Functions, NK Cell Functions","NM_016523.1:275"
"CD1E-mRNA",0.331,3.42,-6.37,7.04,1.26,0.0121,131,0.924,0.998,"Wald","Antigen Processing","NM_001042583.1:180"
"PRKCE-mRNA",0.429,4.46,-8.31,9.17,1.35,0.00315,575,0.924,0.998,"Wald","Macrophage Functions","NM_005400.2:1695"
"IL1A-mRNA",-0.207,2.17,-4.46,4.04,0.867,0.0455,16.5,0.925,0.998,"Wald","Cytokines, Interleukins","NM_000575.3:1085"
"ADORA2A-mRNA",-0.31,3.26,-6.69,6.07,0.807,0.00966,67.4,0.925,0.998,"Wald","Cell Functions","NM_000675.3:1095"
"FUT7-mRNA",-0.233,2.45,-5.04,4.57,0.851,0.0305,23.8,0.925,0.998,"Wald","Leukocyte Functions","NM_004479.3:1710"
"CCR4-mRNA",0.28,2.96,-5.53,6.09,1.21,0.0216,68.2,0.926,0.998,"Wald","Chemokines, Cytokines, Regulation, T-Cell Functions","NM_005508.4:35"
"NCR1-mRNA",-0.23,2.44,-5.01,4.55,0.853,0.0311,23.4,0.926,0.998,"Wald","Cell Functions, NK Cell Functions","NM_004829.5:602"
"TNF-mRNA",-0.214,2.28,-4.68,4.25,0.862,0.0391,19,0.926,0.998,"Wald","Interleukins, TNF Superfamily","NM_000594.2:1010"
"CD7-mRNA",-0.178,1.92,-3.94,3.59,0.884,0.065,12,0.927,0.998,"Wald","NK Cell Functions, Regulation, T-Cell Functions","NM_006137.6:440"
"CD40LG-mRNA",0.217,2.34,-4.37,4.8,1.16,0.0484,27.9,0.927,0.998,"Wald","Regulation","NM_000074.2:1225"
"CREBBP-mRNA",0.454,4.95,-9.25,10.2,1.37,0.00164,1140,0.928,0.998,"Wald","","NM_004380.2:8855"
"CCR6-mRNA",-0.332,3.72,-7.62,6.95,0.795,0.00509,124,0.93,0.998,"Wald","","NM_031409.2:935"
"ITCH-mRNA",-0.00789,0.0949,-0.194,0.178,0.995,0.874,1.13,0.935,0.998,"loglinear","","NM_001257138.1:438"
"IL23A-mRNA",0.205,2.51,-4.71,5.12,1.15,0.0383,34.7,0.936,0.998,"Wald","Interleukins","NM_016584.2:411"
"FADD-mRNA",0.37,4.58,-8.61,9.35,1.29,0.00255,654,0.937,0.998,"Wald","","NM_003824.2:1560"
"NLRP3-mRNA",-0.026,0.325,-0.662,0.61,0.982,0.632,1.53,0.937,0.998,"lm.nb","","NM_001079821.2:415"
"IL12RB2-mRNA",0.238,2.98,-5.6,6.07,1.18,0.0207,67.3,0.937,0.998,"Wald","Cytokines, NK Cell Functions, T-Cell Functions","NM_001559.2:1315"
"IL2-mRNA",0.203,2.61,-4.9,5.31,1.15,0.0334,39.7,0.939,0.998,"Wald","Cytokines, Regulation, T-Cell Functions","NM_000586.2:300"
"CCR7-mRNA",0.0932,1.2,-2.26,2.44,1.07,0.209,5.44,0.939,0.998,"Wald","Chemokines, Regulation","NM_001838.2:1610"
"MAPK14-mRNA",-0.00765,0.099,-0.202,0.186,0.995,0.87,1.14,0.939,0.998,"lm.nb","","NM_001315.1:450"
"BLNK-mRNA",0.173,2.32,-4.38,4.72,1.13,0.0481,26.4,0.942,0.998,"Wald","","NM_013314.2:930"
"SLAMF1-mRNA",-0.167,2.29,-4.66,4.33,0.891,0.0396,20.1,0.943,0.998,"Wald","","NM_003037.2:580"
"IFNAR1-mRNA",0.00815,0.115,-0.217,0.233,1.01,0.86,1.18,0.944,0.998,"lm.nb","Pathogen Defense","NM_000629.2:3123"
"ITGA2-mRNA",-0.0492,0.698,-1.42,1.32,0.966,0.375,2.49,0.944,0.998,"lm.nb","Adhesion","NM_002203.2:475"
"MAPK8-mRNA",-0.011,0.158,-0.32,0.298,0.992,0.801,1.23,0.945,0.998,"lm.nb","","NM_002750.2:945"
"LILRA5-mRNA",-0.0226,0.326,-0.662,0.617,0.984,0.632,1.53,0.945,0.998,"lm.nb","","NM_181879.2:545"
"AIRE-mRNA",-0.142,2.15,-4.36,4.08,0.906,0.0486,16.9,0.948,0.998,"Wald","","NM_000383.2:1864"
"C2-mRNA",-0.0161,0.251,-0.508,0.476,0.989,0.703,1.39,0.949,0.998,"lm.nb","Complement","NM_000063.3:1075"
"FYN-mRNA",0.0115,0.181,-0.343,0.366,1.01,0.789,1.29,0.95,0.998,"lm.nb","Transporter Functions","NM_002037.3:765"
"SLAMF6-mRNA",0.136,2.22,-4.21,4.48,1.1,0.054,22.4,0.952,0.998,"Wald","","NM_001184714.1:1032"
"CXCL12-mRNA",-0.0233,0.403,-0.813,0.766,0.984,0.569,1.7,0.954,0.998,"lm.nb","Chemokines","NM_000609.5:210"
"FLT3-mRNA",0.143,2.48,-4.72,5,1.1,0.038,32.1,0.955,0.998,"Wald","","NM_004119.1:580"
"C8B-mRNA",-0.108,2.04,-4.11,3.89,0.928,0.058,14.8,0.958,0.998,"Wald","Complement","NM_000066.2:620"
"TAL1-mRNA",0.183,3.51,-6.69,7.05,1.14,0.0097,133,0.959,0.998,"Wald","Regulation","NM_003189.2:4635"
"IL25-mRNA",0.104,2.17,-4.14,4.35,1.08,0.0566,20.4,0.962,0.998,"Wald","Interleukins","NM_022789.2:1027"
"STAT5B-mRNA",-0.00599,0.126,-0.254,0.242,0.996,0.839,1.18,0.963,0.998,"lm.nb","Chemokines, Regulation","NM_012448.3:200"
"CD1A-mRNA",0.0886,2.02,-3.87,4.05,1.06,0.0684,16.5,0.965,0.998,"Wald","Cell Functions","NM_001763.2:1815"
"PDCD1-mRNA",0.104,2.49,-4.77,4.98,1.07,0.0367,31.5,0.967,0.998,"Wald","Regulation","NM_005018.1:175"
"IL10-mRNA",-0.0588,1.46,-2.92,2.8,0.96,0.132,6.96,0.968,0.998,"Wald","Interleukins","NM_000572.2:230"
"SPACA3-mRNA",-0.104,2.73,-5.46,5.25,0.93,0.0227,38.1,0.97,0.998,"Wald","CT Antigen","NM_173847.3:112"
"FAS-mRNA",0.112,2.99,-5.76,5.98,1.08,0.0185,63.2,0.97,0.998,"Wald","B-Cell Functions, Regulation, T-Cell Functions, TNF Superfamily, Transporter Functions","NM_000043.3:90"
"SEMG1-mRNA",-0.0968,2.6,-5.2,5,0.935,0.0272,32.1,0.971,0.998,"Wald","CT Antigen","NM_003007.2:1290"
"MAP3K7-mRNA",-0.00413,0.112,-0.224,0.216,0.997,0.856,1.16,0.971,0.998,"lm.nb","","NM_145333.1:670"
"SPINK5-mRNA",-0.0916,2.52,-5.03,4.85,0.938,0.0305,28.9,0.971,0.998,"Wald","Regulation","NM_006846.3:2595"
"SH2B2-mRNA",0.0997,2.82,-5.43,5.63,1.07,0.0231,49.6,0.972,0.998,"Wald","Regulation","NM_020979.3:1567"
"JAK1-mRNA",0.0034,0.103,-0.199,0.206,1,0.871,1.15,0.974,0.998,"lm.nb","Cytokines, Regulation","NM_002227.1:285"
"MAPKAPK2-mRNA",-0.00658,0.201,-0.401,0.388,0.995,0.757,1.31,0.974,0.998,"lm.nb","","NM_004759.3:710"
"PRG2-mRNA",0.0825,2.75,-5.31,5.48,1.06,0.0252,44.5,0.976,0.998,"Wald","Pathogen Defense","NM_002728.4:256"
"ELK1-mRNA",-0.00584,0.197,-0.392,0.381,0.996,0.762,1.3,0.977,0.998,"lm.nb","","NM_005229.3:2350"
"TLR7-mRNA",-0.108,3.68,-7.33,7.11,0.928,0.00623,138,0.977,0.998,"Wald","Microglial Functions, TLR","NM_016562.3:4120"
"IFNGR1-mRNA",-0.00554,0.19,-0.378,0.366,0.996,0.77,1.29,0.977,0.998,"lm.nb","Cell Functions","NM_000416.1:1140"
"RAG1-mRNA",-0.0892,3.21,-6.38,6.21,0.94,0.012,73.8,0.978,0.998,"Wald","B-Cell Functions, T-Cell Functions","NM_000448.2:2300"
"BAX-mRNA",-0.00376,0.136,-0.27,0.263,0.997,0.829,1.2,0.978,0.998,"lm.nb","Cell Cycle, Regulation","NM_138761.3:342"
"TLR5-mRNA",0.00471,0.172,-0.331,0.341,1,0.795,1.27,0.978,0.998,"lm.nb","TLR","NM_003268.3:215"
"XCR1-mRNA",0.0573,2.39,-4.62,4.74,1.04,0.0406,26.7,0.981,0.998,"Wald","Chemokines","NM_005283.2:700"
"CD1C-mRNA",-0.0064,0.349,-0.691,0.678,0.996,0.62,1.6,0.986,0.998,"lm.nb","T-Cell Functions","NM_001765.2:750"
"EBI3-mRNA",0.0226,1.46,-2.83,2.88,1.02,0.141,7.34,0.988,0.998,"Wald","Cytokines","NM_005755.2:485"
"MAPK11-mRNA",-0.0589,4.14,-8.17,8.05,0.96,0.00347,265,0.989,0.998,"Wald","","NM_002751.5:1310"
"LAMP2-mRNA",-0.00106,0.0905,-0.179,0.176,0.999,0.884,1.13,0.991,0.998,"lm.nb","","NM_001122606.1:46"
"GZMK-mRNA",-0.00344,0.317,-0.625,0.618,0.998,0.649,1.53,0.991,0.998,"lm.nb","Cell Functions, Cytotoxicity","NM_002104.2:700"
"ATM-mRNA",-0.0258,2.62,-5.17,5.12,0.982,0.0278,34.7,0.992,0.998,"Wald","Cell Cycle","NM_000051.3:30"
"IL12RB1-mRNA",0.0332,3.82,-7.46,7.53,1.02,0.00567,185,0.993,0.998,"Wald","NK Cell Functions, T-Cell Functions","NM_005535.1:225"
"CD2-mRNA",-0.0158,2.23,-4.38,4.35,0.989,0.0481,20.3,0.994,0.998,"Wald","NK Cell Functions, T-Cell Functions","NM_001767.3:687"
"HRAS-mRNA",-0.0266,4.4,-8.65,8.59,0.982,0.0025,386,0.995,0.998,"Wald","Senescence","NM_005343.2:396"
"GZMH-mRNA",-0.0145,2.71,-5.33,5.3,0.99,0.0248,39.5,0.996,0.998,"Wald","Cell Functions, Cytotoxicity","NM_033423.3:705"
"TNFRSF8-mRNA",-0.0185,4.23,-8.31,8.27,0.987,0.00315,310,0.997,0.998,"Wald","TNF Superfamily","NM_152942.2:2030"
"ICAM4-mRNA",0.0163,4.21,-8.23,8.26,1.01,0.00333,307,0.997,0.998,"Wald","Adhesion, Regulation","NM_001039132.1:463"
"PDCD1LG2-mRNA",0.00704,1.88,-3.67,3.69,1,0.0785,12.9,0.997,0.998,"Wald","","NM_025239.3:235"
"TBX21-mRNA",-0.0115,3.06,-6.01,5.99,0.992,0.0155,63.6,0.997,0.998,"Wald","Regulation, T-Cell Functions","NM_013351.1:890"
"TLR8-mRNA",-1.26e-15,0.312,-0.612,0.612,1,0.654,1.53,1,1,"lm.nb","TLR","NM_016610.2:2310"
